{
  "sf4:age_storage/compactstoragebackpack": {
    "criteria": {
      "Obtain Compact Storage Backpack": "2021-01-19 22:52:32 +0200"
    },
    "done": true
  },
  "tutorial:tutorial/oakplanks": {
    "criteria": {
      "Obtain Oak Wood Planks": "2021-01-18 16:34:39 +0200"
    },
    "done": false
  },
  "sf4:age_power/melter": {
    "criteria": {
      "Obtain Melter": "2021-01-20 15:11:17 +0200"
    },
    "done": true
  },
  "sf4:age1/complete": {
    "criteria": {
      "Completed OinkTree§r": "2021-01-18 21:10:58 +0200",
      "Completed Tin Man§r": "2021-01-18 17:16:01 +0200",
      "Completed Silver Spoon§r": "2021-01-18 20:44:21 +0200",
      "Completed Air Fryer§r": "2021-01-18 16:37:25 +0200",
      "Completed That\u0027s Dir-tree§r": "2021-01-18 16:34:30 +0200",
      "Completed You Cotton Be Kidding Me§r": "2021-01-18 17:10:13 +0200",
      "Completed Sticky Keys§r": "2021-01-18 16:43:19 +0200",
      "Completed Stone Crook§r": "2021-01-18 17:32:03 +0200",
      "Completed Silver Surfer§r": "2021-01-18 20:41:41 +0200",
      "Completed Water You Waiting For?§r": "2021-01-18 17:07:26 +0200",
      "Completed Break a Leg§r": "2021-01-18 16:49:45 +0200",
      "Completed This Tree is Forever§r": "2021-01-18 20:48:48 +0200",
      "Completed Blue Man Group§r": "2021-01-18 19:19:15 +0200",
      "Completed I Love Lucy§r": "2021-01-18 16:43:50 +0200",
      "Completed Hotbois§r": "2021-01-18 17:34:08 +0200",
      "Completed Palm Trees§r": "2021-01-18 17:11:46 +0200",
      "Completed Root": "2021-01-18 15:27:55 +0200",
      "Completed It\u0027s Tin This Pack§r": "2021-01-18 19:26:51 +0200",
      "Completed Nap Time§r": "2021-01-18 20:49:14 +0200",
      "Completed D\u0027OH!§r": "2021-01-18 22:03:56 +0200",
      "Completed Trees to Diamonds§r": "2021-01-18 20:57:33 +0200",
      "Completed Captain Hook§r": "2021-01-18 16:37:10 +0200",
      "Completed Cobble Cobble§r": "2021-01-18 19:06:06 +0200",
      "Completed Not a Helmet§r": "2021-01-18 18:04:41 +0200",
      "Completed Study in the Dark Arts§r": "2021-01-18 18:05:05 +0200",
      "Completed It\u0027s Electric§r": "2021-01-18 20:00:40 +0200",
      "Completed Dirty Dancing§r": "2021-01-18 16:39:42 +0200",
      "Completed Amber is the Color of my Dinosaur§r": "2021-01-18 17:56:17 +0200",
      "Completed SkyFactory 4§r": "2021-01-18 15:27:55 +0200",
      "Completed Don\u0027t Sieve on Me§r": "2021-01-18 16:44:36 +0200",
      "Completed Hog Tied§r": "2021-01-18 20:50:25 +0200",
      "Completed Lead Zeppelin§r": "2021-01-18 19:56:22 +0200",
      "Completed Lead it Go§r": "2021-01-18 19:55:10 +0200",
      "Completed Bubble, Bubble§r": "2021-01-18 16:57:55 +0200",
      "Completed One Shiny Boi§r": "2021-01-18 20:20:33 +0200",
      "Completed Money Grows on Trees§r": "2021-01-18 20:22:28 +0200",
      "Completed Slop in the Bucket§r": "2021-01-18 16:56:38 +0200",
      "Completed You Cotton Something?§r": "2021-01-18 17:14:35 +0200",
      "Completed On the Rocks§r": "2021-01-18 16:59:41 +0200",
      "Completed Starting from the Bottom§r": "2021-01-18 16:34:30 +0200",
      "Completed COALateral Damage§r": "2021-01-18 17:16:37 +0200",
      "Completed Oh, the Irony§r": "2021-01-18 17:58:01 +0200",
      "Completed Ironwood§r": "2021-01-18 19:47:09 +0200",
      "Completed Hardwood§r": "2021-01-18 16:41:59 +0200",
      "Completed Sixteen Tons§r": "2021-01-18 17:13:16 +0200",
      "Completed Eating Dirt§r": "2021-01-18 17:04:40 +0200",
      "Completed Stop Slabbing Yourself§r": "2021-01-18 17:03:50 +0200",
      "Completed Clay Aiken§r": "2021-01-18 16:53:15 +0200",
      "Completed I\u0027ve Been Slimed§r": "2021-01-18 21:11:32 +0200",
      "Completed I Don\u0027t Know§r": "2021-01-18 21:05:10 +0200"
    },
    "done": false
  },
  "sf4:age1/sapling/bacon": {
    "criteria": {
      "Completed Root": "2021-01-18 15:27:55 +0200",
      "Obtain Bacon Sapling": "2021-01-18 21:10:58 +0200"
    },
    "done": true
  },
  "twilightforest:alt/treasures/trophies": {
    "criteria": {
      "1": "2021-01-19 13:32:07 +0200"
    },
    "done": true
  },
  "sf4:age1/nonpacifist": {
    "criteria": {
      "superflat2": "2021-01-18 15:27:55 +0200",
      "superflat32": "2021-01-18 15:27:55 +0200",
      "Completed Root": "2021-01-18 15:27:55 +0200"
    },
    "done": true
  },
  "sf4:age_power/powercelllow": {
    "criteria": {
      "Obtain Low Powercell": "2021-01-20 13:31:34 +0200"
    },
    "done": true
  },
  "sf4:age_storage/logicpress": {
    "criteria": {
      "Obtain Logic Press": "2021-01-20 00:00:42 +0200"
    },
    "done": true
  },
  "sf4:age_power/upgradeablegenerators": {
    "criteria": {
      "Obtain Simple Upgradable Geothermal Generator": "2021-01-18 23:35:29 +0200"
    },
    "done": true
  },
  "sf4:age_power/wirelesscharger": {
    "criteria": {
      "Obtain Wireless Charger": "2021-01-20 13:54:12 +0200"
    },
    "done": true
  },
  "sf4:age_storage/bdsandmupgrade1": {
    "criteria": {
      "Obtain x64 Storage Upgrade": "2021-01-19 23:25:06 +0200"
    },
    "done": true
  },
  "sf4:age1/sapling/redstone": {
    "criteria": {
      "Completed Root": "2021-01-18 15:27:55 +0200",
      "Obtain Redstone Sapling": "2021-01-18 20:00:40 +0200"
    },
    "done": true
  },
  "sf4:age_storage/bdsandmupgrade3": {
    "criteria": {
      "Obtain x1k Storage Upgrade": "2021-01-19 23:28:03 +0200"
    },
    "done": true
  },
  "twilightforest:progress_naga": {
    "criteria": {
      "scale": "2021-01-19 13:31:10 +0200",
      "kill_mob": "2021-01-19 13:32:07 +0200"
    },
    "done": true
  },
  "sf4:age_storage/bdsandmupgrade2": {
    "criteria": {
      "Obtain x256 Storage Upgrade": "2021-01-19 23:26:14 +0200"
    },
    "done": true
  },
  "sf4:age_storage/bdsandmupgrade5": {
    "criteria": {
      "Obtain Ore Dictionary Storage Upgrade": "2021-01-19 23:30:56 +0200"
    },
    "done": true
  },
  "sf4:age_storage/bdsandmupgrade4": {
    "criteria": {
      "Obtain x4k Storage Upgrade": "2021-01-19 23:29:34 +0200"
    },
    "done": true
  },
  "sf4:age_storage/bdsandmupgrade6": {
    "criteria": {
      "Obtain Void Overflow Storage Upgrade": "2021-01-19 23:33:19 +0200"
    },
    "done": true
  },
  "sf4:age_enhancement/cast": {
    "criteria": {
      "Obtain Metal Pickaxe Head Cast": "2021-01-19 22:45:52 +0200"
    },
    "done": true
  },
  "tutorial:tutorial/copied/sandsapling": {
    "criteria": {
      "Obtain Sand Sapling": "2021-01-18 17:11:46 +0200"
    },
    "done": false
  },
  "sf4:age_power/energizedsmelter": {
    "criteria": {
      "Obtain Energized Smelter": "2021-01-20 14:34:56 +0200"
    },
    "done": true
  },
  "sf4:age_storage/bdsandmmetalcrate": {
    "criteria": {
      "Obtain Metal Crate": "2021-01-19 23:19:52 +0200"
    },
    "done": true
  },
  "sf4:age_farming/sprinkler": {
    "criteria": {
      "Obtain Sprinkler": "2021-01-19 16:41:59 +0200"
    },
    "done": true
  },
  "sf4:age1/slabs": {
    "criteria": {
      "Completed Root": "2021-01-18 15:27:55 +0200",
      "Obtain Furnace Slab": "2021-01-18 17:03:50 +0200"
    },
    "done": true
  },
  "sf4:age_farming/wateringcan": {
    "criteria": {
      "Obtain Watering Can": "2021-01-19 16:36:14 +0200"
    },
    "done": true
  },
  "sf4:age1/lavasource": {
    "criteria": {
      "Completed SkyFactory 4§r": "2021-01-18 15:27:55 +0200",
      "Completed Root": "2021-01-18 15:27:55 +0200"
    },
    "done": false
  },
  "tutorial:tutorial/copied/resourcehogs": {
    "criteria": {
      "Obtain Cobblestone Mud": "2021-01-18 20:50:25 +0200"
    },
    "done": false
  },
  "sf4:age_exploration/nether": {
    "criteria": {
      "Entered Nether": "2021-01-18 22:26:41 +0200"
    },
    "done": true
  },
  "sf4:age_storage/bdsandmwoodencrate": {
    "criteria": {
      "Obtain Wood Crate": "2021-01-19 23:18:08 +0200"
    },
    "done": true
  },
  "hardcore:hardcore/forgivingvoid": {
    "criteria": {
      "Completed Age of Exploration§r": "2021-01-18 15:27:55 +0200"
    },
    "done": false
  },
  "sf4:age_storage/simplestoragerequest": {
    "criteria": {
      "Obtain Request Block": "2021-01-20 12:23:22 +0200"
    },
    "done": true
  },
  "sf4:age_enhancement/completenoprestige": {
    "criteria": {
      "Completed Paxel Rose§r": "2021-01-20 14:31:58 +0200",
      "Prestige Mode Disabled": "2021-01-18 15:27:55 +0200",
      "Completed Better With Mods§r": "2021-01-19 23:32:31 +0200",
      "Completed Overworked and Underpaid§r": "2021-01-20 15:55:59 +0200",
      "Completed Yo-Yo Ma§r": "2021-01-20 15:12:08 +0200",
      "Completed Pattern Me, Sir§r": "2021-01-19 22:52:48 +0200",
      "Completed Forging Ahead§r": "2021-01-20 16:03:06 +0200",
      "Completed Keep It Between the Lines§r": "2021-01-19 18:42:05 +0200",
      "Completed Suit Up§r": "2021-01-20 15:48:50 +0200",
      "Completed Rolling into the Station§r": "2021-01-19 18:42:13 +0200",
      "Completed It\u0027s Over 20!§r": "2021-01-20 16:30:05 +0200",
      "Completed Age of Enhancement§r": "2021-01-18 15:27:55 +0200",
      "Completed Ore\u0027nt You Glad I Didn\u0027t Say Banana§r": "2021-01-18 18:43:38 +0200",
      "Completed Sign My Cast§r": "2021-01-19 22:45:52 +0200"
    },
    "done": false
  },
  "tutorial:tutorial/copied/goldsapling": {
    "criteria": {
      "Obtain Gold Sapling": "2021-01-18 20:22:28 +0200"
    },
    "done": false
  },
  "sf4:age_enhancement/armorforge": {
    "criteria": {
      "Obtain Armor Forge": "2021-01-20 15:48:50 +0200"
    },
    "done": true
  },
  "tutorial:tutorial/copied/slabs": {
    "criteria": {
      "Obtain Furnace Slab": "2021-01-18 17:03:50 +0200"
    },
    "done": false
  },
  "twilightforest:alt/major_landmarks/large_hollow_hill": {
    "criteria": {
      "discover": "2021-01-18 21:39:07 +0200"
    },
    "done": true
  },
  "twilightforest:alt/entities/goblins": {
    "criteria": {
      "0": "2021-01-19 13:30:31 +0200"
    },
    "done": true
  },
  "sf4:age_power/extraterrestrialmatter": {
    "criteria": {
      "Obtain Extraterrestrial Matter": "2021-01-19 20:36:21 +0200"
    },
    "done": true
  },
  "sf4:age_storage/siliconpress": {
    "criteria": {
      "Obtain Silicon Press": "2021-01-19 23:56:26 +0200"
    },
    "done": true
  },
  "twilightforest:alt/biomes/general_biomes": {
    "criteria": {
      "1": "2021-01-18 21:38:28 +0200"
    },
    "done": true
  },
  "sf4:age1/cauldron": {
    "criteria": {
      "Completed Root": "2021-01-18 15:27:55 +0200",
      "Obtain a Cauldron": "2021-01-18 16:57:55 +0200"
    },
    "done": true
  },
  "sf4:age1/cobblestone_generator": {
    "criteria": {
      "Completed Root": "2021-01-18 15:27:55 +0200",
      "Open Chest Filled with Cobblestone": "2021-01-18 19:06:06 +0200"
    },
    "done": true
  },
  "twilightforest:alt/entities/redcap": {
    "criteria": {
      "hurt_by_indirect": "2021-01-19 13:30:31 +0200"
    },
    "done": true
  },
  "tutorial:tutorial/copied/cobblestone": {
    "criteria": {
      "Obtain Cobblestone Block": "2021-01-18 16:59:41 +0200"
    },
    "done": false
  },
  "twilightforest:alt/treasures/charms": {
    "criteria": {
      "1": "2021-01-19 21:34:56 +0200"
    },
    "done": true
  },
  "sf4:age_storage/bdsandmmetalbarrel": {
    "criteria": {
      "Obtain Metal Barrel": "2021-01-19 23:16:52 +0200"
    },
    "done": true
  },
  "sf4:age1/crushing_tub": {
    "criteria": {
      "Obtain Crushing Tub": "2021-01-18 16:43:50 +0200",
      "Completed Root": "2021-01-18 15:27:55 +0200"
    },
    "done": true
  },
  "sf4:age1/prestige_notify": {
    "criteria": {
      "Completed Root": "2021-01-18 15:27:55 +0200"
    },
    "done": false
  },
  "tutorial:tutorial/petrifiedacorn": {
    "criteria": {
      "Obtain Oak Wood Planks": "2021-01-18 16:39:02 +0200"
    },
    "done": false
  },
  "tutorial:tutorial/woodencrook": {
    "criteria": {
      "Obtain a Wooden Crook": "2021-01-18 16:37:10 +0200"
    },
    "done": false
  },
  "sf4:age1/sapling/donut": {
    "criteria": {
      "Completed Root": "2021-01-18 15:27:55 +0200",
      "Obtain Donut Sapling": "2021-01-18 22:03:56 +0200"
    },
    "done": true
  },
  "tutorial:tutorial/copied/ironsapling": {
    "criteria": {
      "Obtain Iron Sapling": "2021-01-18 19:47:09 +0200"
    },
    "done": false
  },
  "sf4:age_farming/fertilesoil": {
    "criteria": {
      "Obtain Fertile Soil": "2021-01-18 20:02:16 +0200"
    },
    "done": true
  },
  "sf4:age_power/completenoprestige": {
    "criteria": {
      "Completed Charger 2: Electric Boogaloo§r": "2021-01-20 13:56:20 +0200",
      "Completed Warm and Gooey§r": "2021-01-20 15:11:17 +0200",
      "Prestige Mode Disabled": "2021-01-18 15:27:55 +0200",
      "Completed Generator, I Hardly Know Her§r": "2021-01-18 21:44:27 +0200",
      "Completed Clicker Hero§r": "2021-01-19 12:30:07 +0200",
      "Completed Dusk Till Dawn§r": "2021-01-19 22:03:37 +0200",
      "Completed Getting into Shape§r": "2021-01-20 15:36:16 +0200",
      "Completed Oops I Did It Again§r": "2021-01-19 14:18:37 +0200",
      "Completed Get Informed!§r": "2021-01-20 13:51:22 +0200",
      "Completed Made for Each Other§r": "2021-01-20 14:51:27 +0200",
      "Completed The Study Guide§r": "2021-01-19 19:45:21 +0200",
      "Completed Package Control§r": "2021-01-18 23:48:22 +0200",
      "Completed It Keeps Going... and Going...§r": "2021-01-20 13:40:29 +0200",
      "Completed Gotta Smelt Fast§r": "2021-01-20 14:34:56 +0200",
      "Completed B-Aiken be Aiken§r": "2021-01-20 14:28:58 +0200",
      "Completed I\u0027m A Computah!§r": "2021-01-20 14:22:27 +0200",
      "Completed What the Heck?!§r": "2021-01-19 20:18:35 +0200",
      "Completed Extraction, Extraction, Read All About It!§r": "2021-01-19 20:05:30 +0200",
      "Completed No Chargebacks§r": "2021-01-20 13:56:28 +0200",
      "Completed Need iiii Speed§r": "2021-01-18 23:36:38 +0200",
      "Completed Slush Puppy§r": "2021-01-20 13:53:00 +0200",
      "Completed Ctrl-Z§r": "2021-01-20 13:50:23 +0200",
      "Completed Tesla was Right!§r": "2021-01-20 13:54:12 +0200",
      "Completed Age of Power§r": "2021-01-18 15:27:55 +0200",
      "Completed Down the Rabbit Hole§r": "2021-01-19 18:25:49 +0200",
      "Completed Go, Go, Building Gadget§r": "2021-01-19 14:18:37 +0200",
      "Completed The Truth is Out There§r": "2021-01-19 20:36:21 +0200",
      "Completed I\u0027ll Dehydrate You§r": "2021-01-19 14:18:21 +0200",
      "Completed Dead Cells§r": "2021-01-19 20:45:39 +0200",
      "Completed What\u0027s the Matter with Overworldians?§r": "2021-01-19 20:45:39 +0200",
      "Completed Level Up!§r": "2021-01-18 23:35:29 +0200",
      "Completed Max Power§r": "2021-01-20 13:31:34 +0200",
      "Completed Chargin\u0027 Mah Lazer!§r": "2021-01-18 21:51:00 +0200",
      "Completed The End of all Matter§r": "2021-01-19 20:36:21 +0200",
      "Completed Config-a-ma-whatzit§r": "2021-01-20 14:36:03 +0200",
      "Completed Withered Away§r": "2021-01-19 21:16:13 +0200",
      "Completed Jacob\u0027s Ladder§r": "2021-01-20 13:41:32 +0200",
      "Completed Bring Me to Life§r": "2021-01-19 20:03:09 +0200"
    },
    "done": false
  },
  "sf4:age1/sapling/clay": {
    "criteria": {
      "Completed Root": "2021-01-18 15:27:55 +0200",
      "Obtain a Clay Sapling": "2021-01-18 16:53:15 +0200"
    },
    "done": true
  },
  "sf4:age1/cobblestone": {
    "criteria": {
      "Completed Root": "2021-01-18 15:27:55 +0200",
      "Obtain Cobblestone Block": "2021-01-18 16:59:41 +0200"
    },
    "done": true
  },
  "sf4:age1/sapling/gold": {
    "criteria": {
      "Completed Root": "2021-01-18 15:27:55 +0200",
      "Obtain Gold Sapling": "2021-01-18 20:22:28 +0200"
    },
    "done": true
  },
  "twilightforest:arborist": {
    "criteria": {
      "twilight_oak_log": "2021-01-19 21:25:17 +0200"
    },
    "done": false
  },
  "sf4:age_farming/hoppingbonsai": {
    "criteria": {
      "Obtain Bonsai Pot": "2021-01-18 17:58:35 +0200"
    },
    "done": true
  },
  "twilightforest:alt/entities/swarm_spider": {
    "criteria": {
      "hurt": "2021-01-19 21:37:35 +0200"
    },
    "done": true
  },
  "sf4:age_power/powercellmedium": {
    "criteria": {
      "Obtain Medium Powercell": "2021-01-20 13:40:29 +0200"
    },
    "done": true
  },
  "tutorial:tutorial/dryingrack": {
    "criteria": {
      "Obtain Oak Wood Planks": "2021-01-18 16:37:25 +0200"
    },
    "done": false
  },
  "sf4:age1/acorn/dirt": {
    "criteria": {
      "Obtain Dirt Acorn": "2021-01-18 16:34:30 +0200",
      "Completed Root": "2021-01-18 15:27:55 +0200"
    },
    "done": true
  },
  "sf4:age_power/powercellhigh": {
    "criteria": {
      "Obtain High Powercell": "2021-01-20 13:41:32 +0200"
    },
    "done": true
  },
  "twilightforest:alt/compat/tconstruct": {
    "criteria": {
      "tooltable1": "2021-01-19 18:42:05 +0200"
    },
    "done": true
  },
  "sf4:age_storage/compactstoragechest": {
    "criteria": {
      "Obtain Compact Storage Chest": "2021-01-18 21:00:47 +0200"
    },
    "done": true
  },
  "sf4:age_allthethingsomglol/complete": {
    "criteria": {
      "Completed Age of ALLTHETHINGSOMGLOL§r": "2021-01-18 15:27:55 +0200",
      "Completed I\u0027m Not Lazy, I\u0027m Energy Efficient§r": "2021-01-20 15:59:00 +0200"
    },
    "done": false
  },
  "tutorial:tutorial/oakwood": {
    "criteria": {
      "Obtain Oak Wood": "2021-01-18 16:34:24 +0200"
    },
    "done": false
  },
  "sf4:age_enhancement/root": {
    "criteria": {
      "inventoryChange": "2021-01-18 15:27:55 +0200"
    },
    "done": true
  },
  "sf4:age_exploration/overworldcake": {
    "criteria": {
      "Obtain Overworld Cake": "2021-01-18 21:38:28 +0200"
    },
    "done": true
  },
  "sf4:age_storage/simplestorageremote": {
    "criteria": {
      "Obtain Storage Network Remote": "2021-01-20 12:26:27 +0200"
    },
    "done": true
  },
  "sf4:age_exploration/complete": {
    "criteria": {
      "Completed Age of Exploration§r": "2021-01-18 15:27:55 +0200",
      "Completed Nether Here Nor There§r": "2021-01-18 22:26:41 +0200",
      "Completed No Cake Like Home§r": "2021-01-18 21:38:28 +0200",
      "Completed You\u0027re Boron Me§r": "2021-01-19 13:39:06 +0200",
      "Completed Light up Your Night§r": "2021-01-19 13:59:57 +0200",
      "Completed You\u0027re Tritanium to Bring Me Down§r": "2021-01-18 22:01:25 +0200",
      "Completed Smells Like Nirvana§r": "2021-01-19 13:52:27 +0200",
      "Completed Even Scotty Doesn\u0027t Know§r": "2021-01-18 22:01:19 +0200",
      "Completed Uranium Fever§r": "2021-01-19 13:35:33 +0200",
      "Completed Thorium\u0027s Hammer§r": "2021-01-19 13:53:10 +0200"
    },
    "done": false
  },
  "sf4:age1/sapling/dirt": {
    "criteria": {
      "Obtain Dirt Sapling": "2021-01-18 16:34:30 +0200",
      "Completed Root": "2021-01-18 15:27:55 +0200"
    },
    "done": true
  },
  "sf4:age1/resourcehogs": {
    "criteria": {
      "Completed Root": "2021-01-18 15:27:55 +0200",
      "Obtain Cobblestone Mud": "2021-01-18 20:50:25 +0200"
    },
    "done": true
  },
  "sf4:age1/green_slimy_dirt": {
    "criteria": {
      "Completed Root": "2021-01-18 15:27:55 +0200",
      "Obtain Green Slime Dirt": "2021-01-18 21:11:32 +0200"
    },
    "done": true
  },
  "sf4:age_storage/hopper": {
    "criteria": {
      "Obtain Hopper": "2021-01-18 17:58:23 +0200"
    },
    "done": true
  },
  "sf4:age_enhancement/tank": {
    "criteria": {
      "Obtain Tank": "2021-01-18 18:43:38 +0200"
    },
    "done": true
  },
  "sf4:age1/iron_bucket": {
    "criteria": {
      "Completed Root": "2021-01-18 15:27:55 +0200",
      "Obtain Iron Bucket": "2021-01-18 18:04:41 +0200"
    },
    "done": true
  },
  "twilightforest:alt/entities/fire_beetle": {
    "criteria": {
      "hurt_by_indirect": "2021-01-19 13:37:08 +0200"
    },
    "done": true
  },
  "sf4:age_enhancement/toolstation": {
    "criteria": {
      "Obtain Tool Station": "2021-01-19 18:42:13 +0200"
    },
    "done": true
  },
  "sf4:age1/amber/lead": {
    "criteria": {
      "Completed Root": "2021-01-18 15:27:55 +0200",
      "Obtain Lead Amber": "2021-01-18 19:55:10 +0200"
    },
    "done": true
  },
  "sf4:age_farming/brownmulch": {
    "criteria": {
      "Obtain Brown Mulch": "2021-01-18 20:15:07 +0200"
    },
    "done": true
  },
  "tutorial:tutorial/placedirtsapling": {
    "criteria": {
      "Placed Dirt Sapling": "2021-01-18 16:35:54 +0200"
    },
    "done": false
  },
  "sf4:age_power/uncraftinggrinder": {
    "criteria": {
      "Obtain Uncrafting Grinder": "2021-01-20 13:50:23 +0200"
    },
    "done": true
  },
  "tutorial:tutorial/copied/sleep": {
    "criteria": {
      "Slept in a bed": "2021-01-18 20:49:14 +0200"
    },
    "done": false
  },
  "sf4:age_power/extractionchamber": {
    "criteria": {
      "Obtain Loot Fabricator": "2021-01-19 20:05:30 +0200"
    },
    "done": true
  },
  "twilightforest:progress_trophy_pedestal": {
    "criteria": {
      "kill_lich": "2021-01-19 21:47:29 +0200"
    },
    "done": false
  },
  "tutorial:tutorial/dirtsapling": {
    "criteria": {
      "Obtain a Dirt Sapling": "2021-01-18 16:34:30 +0200"
    },
    "done": false
  },
  "sf4:age_storage/simplestoragecontroller": {
    "criteria": {
      "Obtain Processing Controller": "2021-01-20 12:30:04 +0200"
    },
    "done": true
  },
  "tutorial:tutorial/copied/crushingtub": {
    "criteria": {
      "Obtain Crushing Tub": "2021-01-18 16:43:50 +0200"
    },
    "done": false
  },
  "tutorial:tutorial/copied/water": {
    "criteria": {
      "Obtain Water in an Iron Bucket": "2021-01-18 18:05:10 +0200",
      "Obtain Water in a Clay Bucket": "2021-01-18 17:07:26 +0200"
    },
    "done": false
  },
  "sf4:age1/sapling/lapis": {
    "criteria": {
      "Completed Root": "2021-01-18 15:27:55 +0200",
      "Obtain Lapis Sapling": "2021-01-18 19:19:15 +0200"
    },
    "done": true
  },
  "sf4:age1/coal": {
    "criteria": {
      "Completed Root": "2021-01-18 15:27:55 +0200",
      "Obtain Coal": "2021-01-18 17:16:37 +0200"
    },
    "done": true
  },
  "tutorial:tutorial/copied/iron": {
    "criteria": {
      "Obtain Iron Amber": "2021-01-18 17:56:17 +0200"
    },
    "done": false
  },
  "sf4:age_exploration/root": {
    "criteria": {
      "inventoryChange": "2021-01-18 15:27:55 +0200"
    },
    "done": true
  },
  "sf4:age_storage/bdsandmwoodenbarrel": {
    "criteria": {
      "Obtain Wooden Barrel": "2021-01-19 22:49:03 +0200"
    },
    "done": true
  },
  "sf4:age_storage/root": {
    "criteria": {
      "inventoryChange": "2021-01-18 15:27:55 +0200"
    },
    "done": true
  },
  "sf4:age1/diamond": {
    "criteria": {
      "Obtain Diamond": "2021-01-18 20:57:33 +0200",
      "Completed Root": "2021-01-18 15:27:55 +0200"
    },
    "done": true
  },
  "sf4:age1/obsidian": {
    "criteria": {
      "Completed Root": "2021-01-18 15:27:55 +0200",
      "Obtain Obsidian": "2021-01-18 18:05:05 +0200"
    },
    "done": true
  },
  "tutorial:tutorial/copied/lava": {
    "criteria": {
      "Obtain Lava Clay Bucket": "2021-01-18 17:34:08 +0200",
      "Obtain Lava Iron Bucket": "2021-01-18 18:04:43 +0200"
    },
    "done": false
  },
  "sf4:age_storage/simplestoragecable": {
    "criteria": {
      "Obtain Network Cable": "2021-01-20 12:23:22 +0200"
    },
    "done": true
  },
  "sf4:age1/dirt": {
    "criteria": {
      "Completed Root": "2021-01-18 15:27:55 +0200",
      "Craft Dirt Block": "2021-01-18 16:39:42 +0200"
    },
    "done": true
  },
  "sf4:age1/sapling/coal": {
    "criteria": {
      "Completed Root": "2021-01-18 15:27:55 +0200",
      "Obtain Coal Sapling": "2021-01-18 17:13:16 +0200"
    },
    "done": true
  },
  "twilightforest:alt/treasures/ironwood_tool_set": {
    "criteria": {
      "pickaxe": "2021-01-19 13:49:06 +0200"
    },
    "done": true
  },
  "sf4:age_enhancement/20damage": {
    "criteria": {
      "Deal 20 or More Damage": "2021-01-20 16:30:05 +0200"
    },
    "done": true
  },
  "sf4:age_exploration/twilightforest": {
    "criteria": {
      "Entered Twilight Forest Dimension": "2021-01-18 21:38:28 +0200"
    },
    "done": true
  },
  "sf4:age1/acorn/dirt_cooked": {
    "criteria": {
      "Completed Root": "2021-01-18 15:27:55 +0200",
      "Obtain Cooked Dirt Acorn": "2021-01-18 17:04:40 +0200"
    },
    "done": true
  },
  "sf4:age_storage/drivebay": {
    "criteria": {
      "Obtain Drive Bay": "2021-01-20 11:59:57 +0200"
    },
    "done": true
  },
  "sf4:age1/twerk": {
    "criteria": {
      "Completed Root": "2021-01-18 15:27:55 +0200",
      "Obtain 8 Dirt Saplings": "2021-01-18 16:39:31 +0200",
      "Obtain 8 Oak Logs": "2021-01-18 16:43:19 +0200"
    },
    "done": true
  },
  "twilightforest:alt/entities/death_tome": {
    "criteria": {
      "hurt": "2021-01-19 21:33:19 +0200"
    },
    "done": true
  },
  "tutorial:tutorial/copied/diamondsapling": {
    "criteria": {
      "Obtain Diamond Sapling": "2021-01-18 20:48:48 +0200"
    },
    "done": false
  },
  "sf4:age_storage/fluixcrystal": {
    "criteria": {
      "Obtain Fluix Crystal": "2021-01-19 23:50:07 +0200"
    },
    "done": true
  },
  "tutorial:tutorial/copied/string": {
    "criteria": {
      "Obtain Cottonwood Sapling": "2021-01-18 17:10:13 +0200",
      "Obtain String": "2021-01-18 17:14:35 +0200"
    },
    "done": false
  },
  "twilightforest:naga_armors": {
    "criteria": {
      "armor": "2021-01-19 22:05:06 +0200"
    },
    "done": true
  },
  "twilightforest:alt/treasures/naga_armor_set": {
    "criteria": {
      "ingredient": "2021-01-19 13:31:10 +0200"
    },
    "done": true
  },
  "sf4:age_farming/market": {
    "criteria": {
      "Obtain Market": "2021-01-18 19:52:01 +0200"
    },
    "done": true
  },
  "twilightforest:root": {
    "criteria": {
      "in_tf": "2021-01-18 21:38:28 +0200"
    },
    "done": true
  },
  "sf4:age1/clay_bucket": {
    "criteria": {
      "Obtain Unfired Clay Bucket": "2021-01-18 16:56:38 +0200",
      "Completed Root": "2021-01-18 15:27:55 +0200"
    },
    "done": true
  },
  "sf4:age_exploration/dragonkill": {
    "criteria": {
      "Enter Custom End Dimension": "2021-01-18 21:38:27 +0200"
    },
    "done": false
  },
  "sf4:age_farming/complete": {
    "criteria": {
      "Completed Bonsai!!!§r": "2021-01-18 17:20:38 +0200",
      "Completed Sick Sprinkler§r": "2021-01-19 16:41:59 +0200",
      "Completed Shredded Wheat§r": "2021-01-18 19:51:31 +0200",
      "Completed Age of Farming§r": "2021-01-18 15:27:55 +0200",
      "Completed Beanboozled§r": "2021-01-19 22:41:32 +0200",
      "Completed Yes We Can!§r": "2021-01-19 16:36:14 +0200",
      "Completed This Little Piggy§r": "2021-01-18 19:52:01 +0200"
    },
    "done": false
  },
  "sf4:age_exploration/uraniumore": {
    "criteria": {
      "Obtain Uranium Ore": "2021-01-19 13:35:33 +0200"
    },
    "done": true
  },
  "tutorial:tutorial/copied/ironingot": {
    "criteria": {
      "Obtain Iron Ingot": "2021-01-18 17:58:01 +0200"
    },
    "done": false
  },
  "tutorial:tutorial/copied/ironbucket": {
    "criteria": {
      "Obtain Iron Bucket": "2021-01-18 18:04:41 +0200"
    },
    "done": false
  },
  "sf4:age_power/zombiedatamodel": {
    "criteria": {
      "Obtain Zombie Data Model": "2021-01-19 20:03:09 +0200"
    },
    "done": true
  },
  "twilightforest:twilight_hunter": {
    "criteria": {
      "pinch_beetle": "2021-01-19 13:32:07 +0200"
    },
    "done": true
  },
  "sf4:age_power/configurator": {
    "criteria": {
      "Obtain Configurator": "2021-01-20 14:36:03 +0200"
    },
    "done": true
  },
  "sf4:age1/drying_rack": {
    "criteria": {
      "Completed Root": "2021-01-18 15:27:55 +0200",
      "Obtain Drying Rack": "2021-01-18 16:37:25 +0200"
    },
    "done": true
  },
  "sf4:age_allthethingsomglol/complete_no_prestige": {
    "criteria": {
      "Prestige Mode Disabled": "2021-01-18 15:27:55 +0200",
      "Completed Age of ALLTHETHINGSOMGLOL§r": "2021-01-18 15:27:55 +0200",
      "Completed I\u0027m Not Lazy, I\u0027m Energy Efficient§r": "2021-01-20 15:59:00 +0200"
    },
    "done": false
  },
  "sf4:age1/sapling": {
    "criteria": {
      "Completed SkyFactory 4§r": "2021-01-18 15:27:55 +0200",
      "Completed Root": "2021-01-18 15:27:55 +0200",
      "Has Sapling": "2021-01-18 16:34:30 +0200"
    },
    "done": false
  },
  "sf4:age_enhancement/toolforge": {
    "criteria": {
      "Obtain Tool Forge": "2021-01-20 16:03:06 +0200"
    },
    "done": true
  },
  "sf4:age_power/buildinggadget": {
    "criteria": {
      "Obtain Building Gadget": "2021-01-19 14:18:37 +0200"
    },
    "done": true
  },
  "sf4:age_power/informationscreen": {
    "criteria": {
      "Obtain Information Screen": "2021-01-20 13:51:22 +0200"
    },
    "done": true
  },
  "sf4:age1/sapling/cottonwood": {
    "criteria": {
      "Completed Root": "2021-01-18 15:27:55 +0200",
      "Obtain Cottonwood Sapling": "2021-01-18 17:10:13 +0200"
    },
    "done": true
  },
  "tutorial:tutorial/copied/greenslimydirt": {
    "criteria": {
      "Obtain Green Slime Dirt": "2021-01-18 21:11:32 +0200"
    },
    "done": false
  },
  "twilightforest:alt/entities/redcap_sapper": {
    "criteria": {
      "hurt_by_indirect": "2021-01-19 13:31:58 +0200"
    },
    "done": true
  },
  "sf4:age_storage/uninstallupgrade": {
    "criteria": {
      "Obtain x64 Storage Upgrade": "2021-01-19 23:36:52 +0200"
    },
    "done": true
  },
  "sf4:age1/sapling/slime": {
    "criteria": {
      "Completed Root": "2021-01-18 15:27:55 +0200",
      "Obtain Blue Slime Sapling": "2021-01-18 21:05:10 +0200"
    },
    "done": true
  },
  "sf4:age1/string": {
    "criteria": {
      "Completed Root": "2021-01-18 15:27:55 +0200",
      "Obtain Cottonwood Sapling": "2021-01-18 17:10:13 +0200",
      "Obtain String": "2021-01-18 17:14:35 +0200"
    },
    "done": true
  },
  "compactmachines:test/7x7x7": {
    "criteria": {
      "Obtain Netherrack": "2021-01-18 22:26:56 +0200"
    },
    "done": false
  },
  "sf4:age_enhancement/stenciltable": {
    "criteria": {
      "Obtain Tinkers\u0027 Stencil Table": "2021-01-19 18:42:05 +0200"
    },
    "done": true
  },
  "sf4:age_storage/complete_no_prestige": {
    "criteria": {
      "Completed Control Yourself§r": "2021-01-20 12:30:04 +0200",
      "Completed Java Overflow§r": "2021-01-19 23:28:03 +0200",
      "Completed Accepting Your True Power§r": "2021-01-20 00:10:25 +0200",
      "Prestige Mode Disabled": "2021-01-18 15:27:55 +0200",
      "Completed Under Pressure§r": "2021-01-20 11:54:39 +0200",
      "Completed Whopper!§r": "2021-01-18 21:37:40 +0200",
      "Completed Silicon Valley§r": "2021-01-19 23:56:26 +0200",
      "Completed Breaking Bad§r": "2021-01-19 23:50:07 +0200",
      "Completed That is Illogical§r": "2021-01-20 00:00:42 +0200",
      "Completed Pocket Book§r": "2021-01-20 12:04:50 +0200",
      "Completed Wares the Remote?§r": "2021-01-20 12:26:27 +0200",
      "Completed Neeeeeeeeerrrrrrrd!§r": "2021-01-20 11:51:09 +0200",
      "Completed Void Ze Stuff§r": "2021-01-19 23:33:19 +0200",
      "Completed MhyCell§r": "2021-01-20 12:23:37 +0200",
      "Completed I Like Big Box and I Cannot Lie§r": "2021-01-18 21:00:47 +0200",
      "Completed Bay Bay You Can Drive My Car§r": "2021-01-20 11:59:57 +0200",
      "Completed CAT 5§r": "2021-01-20 12:23:22 +0200",
      "Completed Baby Got Backpack§r": "2021-01-19 22:52:32 +0200",
      "Completed Roll Out the Barrel§r": "2021-01-19 23:16:52 +0200",
      "Completed Drumtendo 64§r": "2021-01-19 23:25:06 +0200",
      "Completed Master Blaster§r": "2021-01-20 12:23:51 +0200",
      "Completed Live Long and Processor§r": "2021-01-20 00:03:25 +0200",
      "Completed I WANT IT NOW!§r": "2021-01-20 12:23:22 +0200",
      "Completed Wood You Hand Me That Crate Please?§r": "2021-01-19 23:18:08 +0200",
      "Completed Ore You Kidding§r": "2021-01-19 23:30:56 +0200",
      "Completed 256 Liters of Cola§r": "2021-01-19 23:26:14 +0200",
      "Completed Age of Storage§r": "2021-01-18 15:27:55 +0200",
      "Completed Be Kind. Rewind.§r": "2021-01-19 23:36:52 +0200",
      "Completed Windows ME§r": "2021-01-20 00:25:48 +0200",
      "Completed Metallicrate§r": "2021-01-19 23:19:52 +0200",
      "Completed Hop to It§r": "2021-01-18 17:58:23 +0200",
      "Completed Better Than 1080p§r": "2021-01-19 23:29:34 +0200",
      "Completed ɹǝddoH§r": "2021-01-18 21:03:23 +0200",
      "Completed What Woodent You Store?§r": "2021-01-19 22:49:03 +0200"
    },
    "done": false
  },
  "sf4:age1/sapling/petrified": {
    "criteria": {
      "Completed Root": "2021-01-18 15:27:55 +0200",
      "Obtain Petrified Sapling": "2021-01-18 16:41:59 +0200"
    },
    "done": true
  },
  "sf4:age_power/overworldianmatter": {
    "criteria": {
      "Obtain Overworldian Matter": "2021-01-19 20:45:39 +0200"
    },
    "done": true
  },
  "twilightforest:alt/entities/undead": {
    "criteria": {
      "1": "2021-01-19 13:36:35 +0200"
    },
    "done": true
  },
  "sf4:age1/sapling/tin": {
    "criteria": {
      "Completed Root": "2021-01-18 15:27:55 +0200",
      "Obtain Tin Sapling": "2021-01-18 19:26:51 +0200"
    },
    "done": true
  },
  "sf4:age_exploration/tritaniumore": {
    "criteria": {
      "Obtain Ice Tritanium Ore": "2021-01-18 22:01:25 +0200"
    },
    "done": true
  },
  "sf4:age1/wooden_crook": {
    "criteria": {
      "Completed Root": "2021-01-18 15:27:55 +0200",
      "Obtain Wooden Crook": "2021-01-18 16:37:10 +0200"
    },
    "done": true
  },
  "sf4:age_enhancement/nuclearcraftspeedupgrade": {
    "criteria": {
      "Obtain Nuclearcraft Speed Upgrade": "2021-01-20 15:55:59 +0200"
    },
    "done": true
  },
  "sf4:age_farming/bonsai": {
    "criteria": {
      "Obtain Bonsai Pot": "2021-01-18 17:20:38 +0200"
    },
    "done": true
  },
  "sf4:age_power/ultimateinstaller": {
    "criteria": {
      "Obtain Ultimate Installer": "2021-01-20 14:22:27 +0200"
    },
    "done": true
  },
  "pacifist:pacifist_run/root": {
    "criteria": {
      "hasRock": "2021-01-18 15:27:55 +0200"
    },
    "done": false
  },
  "sf4:age_storage/complete": {
    "criteria": {
      "Completed Control Yourself§r": "2021-01-20 12:30:04 +0200",
      "Completed Java Overflow§r": "2021-01-19 23:28:03 +0200",
      "Completed Accepting Your True Power§r": "2021-01-20 00:10:25 +0200",
      "Completed Under Pressure§r": "2021-01-20 11:54:39 +0200",
      "Completed Whopper!§r": "2021-01-18 21:37:40 +0200",
      "Completed Silicon Valley§r": "2021-01-19 23:56:26 +0200",
      "Completed Breaking Bad§r": "2021-01-19 23:50:07 +0200",
      "Completed That is Illogical§r": "2021-01-20 00:00:42 +0200",
      "Completed Pocket Book§r": "2021-01-20 12:04:50 +0200",
      "Completed Wares the Remote?§r": "2021-01-20 12:26:27 +0200",
      "Completed Neeeeeeeeerrrrrrrd!§r": "2021-01-20 11:51:09 +0200",
      "Completed Void Ze Stuff§r": "2021-01-19 23:33:19 +0200",
      "Completed MhyCell§r": "2021-01-20 12:23:37 +0200",
      "Completed I Like Big Box and I Cannot Lie§r": "2021-01-18 21:00:47 +0200",
      "Completed Bay Bay You Can Drive My Car§r": "2021-01-20 11:59:57 +0200",
      "Completed CAT 5§r": "2021-01-20 12:23:22 +0200",
      "Completed Baby Got Backpack§r": "2021-01-19 22:52:32 +0200",
      "Completed Roll Out the Barrel§r": "2021-01-19 23:16:52 +0200",
      "Completed Drumtendo 64§r": "2021-01-19 23:25:06 +0200",
      "Completed Master Blaster§r": "2021-01-20 12:23:51 +0200",
      "Completed Live Long and Processor§r": "2021-01-20 00:03:25 +0200",
      "Completed I WANT IT NOW!§r": "2021-01-20 12:23:22 +0200",
      "Completed Wood You Hand Me That Crate Please?§r": "2021-01-19 23:18:08 +0200",
      "Completed Ore You Kidding§r": "2021-01-19 23:30:56 +0200",
      "Completed 256 Liters of Cola§r": "2021-01-19 23:26:14 +0200",
      "Completed Age of Storage§r": "2021-01-18 15:27:55 +0200",
      "Completed Be Kind. Rewind.§r": "2021-01-19 23:36:52 +0200",
      "Completed Windows ME§r": "2021-01-20 00:25:48 +0200",
      "Completed Metallicrate§r": "2021-01-19 23:19:52 +0200",
      "Completed Hop to It§r": "2021-01-18 17:58:23 +0200",
      "Completed Better Than 1080p§r": "2021-01-19 23:29:34 +0200",
      "Completed ɹǝddoH§r": "2021-01-18 21:03:23 +0200",
      "Completed What Woodent You Store?§r": "2021-01-19 22:49:03 +0200"
    },
    "done": false
  },
  "tutorial:tutorial/copied/slimesapling": {
    "criteria": {
      "Obtain Blue Slime Sapling": "2021-01-18 21:05:10 +0200"
    },
    "done": false
  },
  "tutorial:tutorial/craftingstation": {
    "criteria": {
      "Obtain a Crafting Station": "2021-01-19 18:42:05 +0200"
    },
    "done": false
  },
  "sf4:age_power/froster": {
    "criteria": {
      "Obtain Froster": "2021-01-20 13:53:00 +0200"
    },
    "done": true
  },
  "sf4:age_farming/wheatseeds": {
    "criteria": {
      "Obtain Wheat Seeds": "2021-01-18 19:51:31 +0200"
    },
    "done": true
  },
  "tutorial:tutorial/copied/gold": {
    "criteria": {
      "Obtain Gold Amber": "2021-01-18 20:20:33 +0200"
    },
    "done": false
  },
  "sf4:age_power/autopackager": {
    "criteria": {
      "Obtain Auto Packager": "2021-01-18 23:48:22 +0200"
    },
    "done": true
  },
  "tutorial:tutorial/copied/petrifiedsapling": {
    "criteria": {
      "Obtain Petrified Sapling": "2021-01-18 16:41:59 +0200"
    },
    "done": false
  },
  "sf4:age_storage/energyacceptor": {
    "criteria": {
      "Obtain Energy Acceptor": "2021-01-20 00:10:25 +0200"
    },
    "done": true
  },
  "twilightforest:alt/entities/wraith": {
    "criteria": {
      "hurt": "2021-01-19 13:36:35 +0200"
    },
    "done": true
  },
  "twilightforest:alt/entities/lich": {
    "criteria": {
      "hurt_by_indirect": "2021-01-19 21:38:20 +0200"
    },
    "done": true
  },
  "sf4:age_allthethingsomglol/nuclearcraftenergyupgrade": {
    "criteria": {
      "Obtain Nuclearcraft Energy Upgrade": "2021-01-20 15:59:00 +0200"
    },
    "done": true
  },
  "sf4:age_storage/upper": {
    "criteria": {
      "Obtain Upper": "2021-01-18 21:03:23 +0200"
    },
    "done": true
  },
  "sf4:age_exploration/magnesiumore": {
    "criteria": {
      "Obtain Magnesium Ore": "2021-01-19 13:59:57 +0200"
    },
    "done": true
  },
  "sf4:age_power/hellishmatter": {
    "criteria": {
      "Obtain Hellish Matter": "2021-01-19 20:18:35 +0200"
    },
    "done": true
  },
  "tutorial:tutorial/copied/watercollection": {
    "criteria": {
      "Right Click Cauldron with Water Inside": "2021-01-18 17:29:33 +0200",
      "Right Click Boiling Cauldron with Water Inside": "2021-01-20 14:16:01 +0200"
    },
    "done": false
  },
  "sf4:age1/completenoprestige": {
    "criteria": {
      "Completed OinkTree§r": "2021-01-18 21:10:58 +0200",
      "Completed Tin Man§r": "2021-01-18 17:16:01 +0200",
      "Completed Silver Spoon§r": "2021-01-18 20:44:21 +0200",
      "Completed Air Fryer§r": "2021-01-18 16:37:25 +0200",
      "Prestige Mode Disabled": "2021-01-18 15:27:55 +0200",
      "Completed That\u0027s Dir-tree§r": "2021-01-18 16:34:30 +0200",
      "Completed You Cotton Be Kidding Me§r": "2021-01-18 17:10:13 +0200",
      "Completed Sticky Keys§r": "2021-01-18 16:43:19 +0200",
      "Completed Stone Crook§r": "2021-01-18 17:32:03 +0200",
      "Completed Silver Surfer§r": "2021-01-18 20:41:41 +0200",
      "Completed Water You Waiting For?§r": "2021-01-18 17:07:26 +0200",
      "Completed Break a Leg§r": "2021-01-18 16:49:45 +0200",
      "Completed This Tree is Forever§r": "2021-01-18 20:48:48 +0200",
      "Completed Blue Man Group§r": "2021-01-18 19:19:15 +0200",
      "Completed I Love Lucy§r": "2021-01-18 16:43:50 +0200",
      "Completed Hotbois§r": "2021-01-18 17:34:08 +0200",
      "Completed Palm Trees§r": "2021-01-18 17:11:46 +0200",
      "Completed Root": "2021-01-18 15:27:55 +0200",
      "Completed It\u0027s Tin This Pack§r": "2021-01-18 19:26:51 +0200",
      "Completed Nap Time§r": "2021-01-18 20:49:14 +0200",
      "Completed D\u0027OH!§r": "2021-01-18 22:03:56 +0200",
      "Completed Trees to Diamonds§r": "2021-01-18 20:57:33 +0200",
      "Completed Captain Hook§r": "2021-01-18 16:37:10 +0200",
      "Completed Cobble Cobble§r": "2021-01-18 19:06:06 +0200",
      "Completed Not a Helmet§r": "2021-01-18 18:04:41 +0200",
      "Completed Study in the Dark Arts§r": "2021-01-18 18:05:05 +0200",
      "Completed It\u0027s Electric§r": "2021-01-18 20:00:40 +0200",
      "Completed Dirty Dancing§r": "2021-01-18 16:39:42 +0200",
      "Completed Amber is the Color of my Dinosaur§r": "2021-01-18 17:56:17 +0200",
      "Completed SkyFactory 4§r": "2021-01-18 15:27:55 +0200",
      "Completed Don\u0027t Sieve on Me§r": "2021-01-18 16:44:36 +0200",
      "Completed Hog Tied§r": "2021-01-18 20:50:25 +0200",
      "Completed Lead Zeppelin§r": "2021-01-18 19:56:22 +0200",
      "Completed Lead it Go§r": "2021-01-18 19:55:10 +0200",
      "Completed Bubble, Bubble§r": "2021-01-18 16:57:55 +0200",
      "Completed One Shiny Boi§r": "2021-01-18 20:20:33 +0200",
      "Completed Money Grows on Trees§r": "2021-01-18 20:22:28 +0200",
      "Completed Slop in the Bucket§r": "2021-01-18 16:56:38 +0200",
      "Completed You Cotton Something?§r": "2021-01-18 17:14:35 +0200",
      "Completed On the Rocks§r": "2021-01-18 16:59:41 +0200",
      "Completed Starting from the Bottom§r": "2021-01-18 16:34:30 +0200",
      "Completed COALateral Damage§r": "2021-01-18 17:16:37 +0200",
      "Completed Oh, the Irony§r": "2021-01-18 17:58:01 +0200",
      "Completed Ironwood§r": "2021-01-18 19:47:09 +0200",
      "Completed Hardwood§r": "2021-01-18 16:41:59 +0200",
      "Completed Sixteen Tons§r": "2021-01-18 17:13:16 +0200",
      "Completed Eating Dirt§r": "2021-01-18 17:04:40 +0200",
      "Completed Stop Slabbing Yourself§r": "2021-01-18 17:03:50 +0200",
      "Completed Clay Aiken§r": "2021-01-18 16:53:15 +0200",
      "Completed I\u0027ve Been Slimed§r": "2021-01-18 21:11:32 +0200",
      "Completed I Don\u0027t Know§r": "2021-01-18 21:05:10 +0200"
    },
    "done": true
  },
  "sf4:age_farming/root": {
    "criteria": {
      "inventoryChange": "2021-01-18 15:27:55 +0200"
    },
    "done": true
  },
  "sf4:age_exploration/completenoprestige": {
    "criteria": {
      "Completed Age of Exploration§r": "2021-01-18 15:27:55 +0200",
      "Completed Nether Here Nor There§r": "2021-01-18 22:26:41 +0200",
      "Completed No Cake Like Home§r": "2021-01-18 21:38:28 +0200",
      "Prestige Mode Disabled": "2021-01-18 15:27:55 +0200",
      "Completed You\u0027re Boron Me§r": "2021-01-19 13:39:06 +0200",
      "Completed Light up Your Night§r": "2021-01-19 13:59:57 +0200",
      "Completed You\u0027re Tritanium to Bring Me Down§r": "2021-01-18 22:01:25 +0200",
      "Completed Enter the Twilight§r": "2021-01-18 21:38:28 +0200",
      "Completed Smells Like Nirvana§r": "2021-01-19 13:52:27 +0200",
      "Completed Even Scotty Doesn\u0027t Know§r": "2021-01-18 22:01:19 +0200",
      "Completed Uranium Fever§r": "2021-01-19 13:35:33 +0200",
      "Completed Thorium\u0027s Hammer§r": "2021-01-19 13:53:10 +0200"
    },
    "done": false
  },
  "sf4:age_power/root": {
    "criteria": {
      "inventoryChange": "2021-01-18 15:27:55 +0200"
    },
    "done": true
  },
  "sf4:age_enhancement/yoyo": {
    "criteria": {
      "Obtain Yoyo": "2021-01-20 15:12:08 +0200"
    },
    "done": true
  },
  "tutorial:tutorial/copied/claysapling": {
    "criteria": {
      "Obtain a Clay Sapling": "2021-01-18 16:53:15 +0200"
    },
    "done": false
  },
  "tutorial:tutorial/copied/obsidian": {
    "criteria": {
      "Obtain Obsidian": "2021-01-18 18:05:05 +0200"
    },
    "done": false
  },
  "sf4:age_enhancement/patternchest": {
    "criteria": {
      "Obtain Pattern Chest": "2021-01-19 22:52:48 +0200"
    },
    "done": true
  },
  "sf4:age1/sleep": {
    "criteria": {
      "Completed Root": "2021-01-18 15:27:55 +0200",
      "Right Click on Bed": "2021-01-18 20:49:14 +0200"
    },
    "done": true
  },
  "sf4:age_storage/ae2energycell": {
    "criteria": {
      "Obtain AE2 Energy Cell": "2021-01-20 12:23:37 +0200"
    },
    "done": true
  },
  "sf4:age1/sapling/lead": {
    "criteria": {
      "Completed Root": "2021-01-18 15:27:55 +0200",
      "Obtain Lead Sapling": "2021-01-18 19:56:22 +0200"
    },
    "done": true
  },
  "sf4:age1/sapling/diamond": {
    "criteria": {
      "Completed Root": "2021-01-18 15:27:55 +0200",
      "Obtain Diamond Sapling": "2021-01-18 20:48:48 +0200"
    },
    "done": true
  },
  "sf4:age1/watersource": {
    "criteria": {
      "Completed SkyFactory 4§r": "2021-01-18 15:27:55 +0200",
      "Completed Root": "2021-01-18 15:27:55 +0200"
    },
    "done": false
  },
  "sf4:age_power/treadmill": {
    "criteria": {
      "Obtain Pig Treadmill": "2021-01-20 14:28:58 +0200"
    },
    "done": true
  },
  "sf4:age_exploration/boronore": {
    "criteria": {
      "Obtain Boron Ore": "2021-01-19 13:39:06 +0200"
    },
    "done": true
  },
  "sf4:age_farming/animalseeds": {
    "criteria": {
      "Cow Seed": "2021-01-18 20:34:36 +0200"
    },
    "done": false
  },
  "sf4:age_storage/1kstoragecell": {
    "criteria": {
      "Obtain 1K Storage Cell": "2021-01-20 12:04:50 +0200"
    },
    "done": true
  },
  "sf4:age1/sapling/gravel": {
    "criteria": {
      "Completed Root": "2021-01-18 15:27:55 +0200",
      "Obtain Gravel Sapling": "2021-01-18 16:44:36 +0200"
    },
    "done": true
  },
  "sf4:age1/lava": {
    "criteria": {
      "Completed Root": "2021-01-18 15:27:55 +0200",
      "Obtain Lava Clay Bucket": "2021-01-18 17:34:08 +0200"
    },
    "done": true
  },
  "pacifist:pacifist_run/lose": {
    "criteria": {
      "killed poor innocent creature": "2021-01-18 16:21:09 +0200"
    },
    "done": false
  },
  "sf4:age1/root": {
    "criteria": {
      "non_tutorial_start": "2021-01-18 15:27:55 +0200"
    },
    "done": true
  },
  "twilightforest:alt/biomes/firefly_forest": {
    "criteria": {
      "discover": "2021-01-18 21:38:28 +0200"
    },
    "done": true
  },
  "sf4:age1/sapling/silver": {
    "criteria": {
      "Completed Root": "2021-01-18 15:27:55 +0200",
      "Obtain Silver Sapling": "2021-01-18 20:44:21 +0200"
    },
    "done": true
  },
  "sf4:age_storage/calculationpress": {
    "criteria": {
      "Obtain Calculation Press": "2021-01-20 11:51:09 +0200"
    },
    "done": true
  },
  "twilightforest:alt/biomes/mushroom_forest": {
    "criteria": {
      "discover": "2021-01-19 21:31:41 +0200"
    },
    "done": true
  },
  "sf4:age_power/twilightmatter": {
    "criteria": {
      "Obtain Twilight Matter": "2021-01-19 22:03:37 +0200"
    },
    "done": true
  },
  "sf4:age1/amber/tin": {
    "criteria": {
      "Completed Root": "2021-01-18 15:27:55 +0200",
      "Obtain Tin Amber": "2021-01-18 17:16:01 +0200"
    },
    "done": true
  },
  "twilightforest:alt/major_landmarks/hollow_hills": {
    "criteria": {
      "2": "2021-01-18 21:39:07 +0200"
    },
    "done": true
  },
  "sf4:age_power/alloyfurnace": {
    "criteria": {
      "Obtain Alloy Furnace": "2021-01-20 14:51:27 +0200"
    },
    "done": true
  },
  "sf4:age_power/dehydrator": {
    "criteria": {
      "Obtain Dehydrator": "2021-01-19 14:18:21 +0200"
    },
    "done": true
  },
  "sf4:age1/iron_ingot": {
    "criteria": {
      "Completed Root": "2021-01-18 15:27:55 +0200",
      "Obtain Iron Ingot": "2021-01-18 17:58:01 +0200"
    },
    "done": true
  },
  "sf4:age_power/exchangertool": {
    "criteria": {
      "Obtain Exchanger Tool": "2021-01-19 14:18:37 +0200"
    },
    "done": true
  },
  "twilightforest:alt/major_landmarks/lich_tower": {
    "criteria": {
      "discover": "2021-01-19 21:32:41 +0200"
    },
    "done": true
  },
  "twilightforest:alt/entities/arthopods": {
    "criteria": {
      "4": "2021-01-19 13:30:26 +0200"
    },
    "done": true
  },
  "tutorial:tutorial/copied/gravelsapling": {
    "criteria": {
      "Obtain Gravel Sapling": "2021-01-18 16:44:36 +0200"
    },
    "done": false
  },
  "twilightforest:alt/entities/pinch_beetle": {
    "criteria": {
      "hurt_by_indirect": "2021-01-19 13:30:26 +0200"
    },
    "done": true
  },
  "sf4:age_farming/magicbeans": {
    "criteria": {
      "Obtain Sprout Seeds": "2021-01-19 22:41:32 +0200"
    },
    "done": true
  },
  "sf4:age1/amber/silver": {
    "criteria": {
      "Completed Root": "2021-01-18 15:27:55 +0200",
      "Obtain Silver Amber": "2021-01-18 20:41:41 +0200"
    },
    "done": true
  },
  "sf4:age_storage/engineeringpress": {
    "criteria": {
      "Obtain Engineering Press": "2021-01-20 11:54:39 +0200"
    },
    "done": true
  },
  "sf4:age_storage/logicprocessor": {
    "criteria": {
      "Obtain Logic Processor": "2021-01-20 00:03:25 +0200"
    },
    "done": true
  },
  "sf4:age_exploration/dilithiumore": {
    "criteria": {
      "Obtain Dilithium Crystals": "2021-01-18 22:01:19 +0200"
    },
    "done": true
  },
  "sf4:age_power/deeplearner": {
    "criteria": {
      "Obtain Deep Learner": "2021-01-19 19:45:21 +0200"
    },
    "done": true
  },
  "sf4:age1/amber/gold": {
    "criteria": {
      "Completed Root": "2021-01-18 15:27:55 +0200",
      "Obtain Gold Amber": "2021-01-18 20:20:33 +0200"
    },
    "done": true
  },
  "twilightforest:alt/treasures/armors": {
    "criteria": {
      "1": "2021-01-19 13:31:10 +0200"
    },
    "done": true
  },
  "tutorial:tutorial/copied/cauldron": {
    "criteria": {
      "Obtain a Cauldron": "2021-01-18 16:57:55 +0200"
    },
    "done": false
  },
  "sf4:age_farming/skyorchards": {
    "criteria": {
      "Obtain Dirt Sapling": "2021-01-18 16:34:30 +0200",
      "Obtain Osmium Sapling": "2021-01-19 22:41:53 +0200",
      "Obtain Lead Sapling": "2021-01-18 19:56:22 +0200",
      "Obtain Silver Sapling": "2021-01-18 20:44:21 +0200",
      "Obtain Coal Sapling": "2021-01-18 17:13:16 +0200",
      "Obtain Diamond Sapling": "2021-01-18 20:48:48 +0200",
      "Obtain Copper Sapling": "2021-01-19 22:14:45 +0200",
      "Obtain Cottonwood Sapling": "2021-01-18 17:10:13 +0200",
      "Obtain Ardite Sapling": "2021-01-20 16:05:42 +0200",
      "Obtain Lapis Sapling": "2021-01-18 19:19:15 +0200",
      "Obtain Bacon Sapling": "2021-01-18 21:10:58 +0200",
      "Obtain Donut Sapling": "2021-01-18 22:03:56 +0200",
      "Obtain Emerald Sapling": "2021-01-19 22:37:28 +0200",
      "Obtain Petrified Sapling": "2021-01-18 16:41:59 +0200",
      "Obtain Tin Sapling": "2021-01-18 19:26:51 +0200",
      "Obtain Nickel Sapling": "2021-01-20 16:06:01 +0200",
      "Obtain Iron Sapling": "2021-01-18 19:47:09 +0200",
      "Obtain Sand Sapling": "2021-01-18 17:11:46 +0200",
      "Obtain Gold Sapling": "2021-01-18 20:22:28 +0200",
      "Obtain Redstone Sapling": "2021-01-18 20:00:40 +0200",
      "Obtain Clay Sapling": "2021-01-18 16:53:15 +0200",
      "Obtain Gravel Sapling": "2021-01-18 16:44:36 +0200",
      "Obtain Bone Sapling": "2021-01-18 16:49:45 +0200",
      "Obtain Quartz Sapling": "2021-01-19 22:37:49 +0200",
      "Obtain Cobalt Sapling": "2021-01-20 16:05:24 +0200"
    },
    "done": false
  },
  "sf4:age_exploration/skygriddragonkill": {
    "criteria": {
      "Completed Age of Exploration§r": "2021-01-18 15:27:55 +0200"
    },
    "done": false
  },
  "twilightforest:progress_labyrinth": {
    "criteria": {
      "kill_lich": "2021-01-19 21:47:29 +0200"
    },
    "done": false
  },
  "tutorial:tutorial/copied/coalsapling": {
    "criteria": {
      "Obtain Coal Sapling": "2021-01-18 17:13:16 +0200"
    },
    "done": false
  },
  "sf4:age1/sapling/sand": {
    "criteria": {
      "Completed Root": "2021-01-18 15:27:55 +0200",
      "Obtain Sand Sapling": "2021-01-18 17:11:46 +0200"
    },
    "done": true
  },
  "sf4:age_enhancement/complete": {
    "criteria": {
      "Completed Paxel Rose§r": "2021-01-20 14:31:58 +0200",
      "Completed Better With Mods§r": "2021-01-19 23:32:31 +0200",
      "Completed Overworked and Underpaid§r": "2021-01-20 15:55:59 +0200",
      "Completed Yo-Yo Ma§r": "2021-01-20 15:12:08 +0200",
      "Completed Pattern Me, Sir§r": "2021-01-19 22:52:48 +0200",
      "Completed Forging Ahead§r": "2021-01-20 16:03:06 +0200",
      "Completed Keep It Between the Lines§r": "2021-01-19 18:42:05 +0200",
      "Completed Suit Up§r": "2021-01-20 15:48:50 +0200",
      "Completed Rolling into the Station§r": "2021-01-19 18:42:13 +0200",
      "Completed It\u0027s Over 20!§r": "2021-01-20 16:30:05 +0200",
      "Completed Age of Enhancement§r": "2021-01-18 15:27:55 +0200",
      "Completed Ore\u0027nt You Glad I Didn\u0027t Say Banana§r": "2021-01-18 18:43:38 +0200",
      "Completed Sign My Cast§r": "2021-01-19 22:45:52 +0200"
    },
    "done": false
  },
  "sf4:age_exploration/lithiumore": {
    "criteria": {
      "Obtain Lithium Ore": "2021-01-19 13:52:27 +0200"
    },
    "done": true
  },
  "sf4:age_enhancement/tconmodifier": {
    "criteria": {
      "Apply 3 Modifers": "2021-01-19 23:32:31 +0200"
    },
    "done": true
  },
  "tutorial:tutorial/copied/claybucket": {
    "criteria": {
      "Obtain Unfired Clay Bucket": "2021-01-18 16:56:38 +0200",
      "Obtain Clay Bucket": "2021-01-18 17:05:01 +0200"
    },
    "done": false
  },
  "sf4:age_power/simplegenerator": {
    "criteria": {
      "Obtain Simple Combustion Generator": "2021-01-18 21:44:27 +0200"
    },
    "done": true
  },
  "twilightforest:alt/entities/lich_zombies": {
    "criteria": {
      "hurt_alt": "2021-01-19 21:46:55 +0200"
    },
    "done": true
  },
  "sf4:age1/sapling/iron": {
    "criteria": {
      "Completed Root": "2021-01-18 15:27:55 +0200",
      "Obtain Iron Sapling": "2021-01-18 19:47:09 +0200"
    },
    "done": true
  },
  "sf4:age1/stone_crook": {
    "criteria": {
      "Completed Root": "2021-01-18 15:27:55 +0200",
      "Obtain Stone Crook": "2021-01-18 17:32:03 +0200"
    },
    "done": true
  },
  "sf4:age_exploration/thoriumore": {
    "criteria": {
      "Obtain Thorium Ore": "2021-01-19 13:53:10 +0200"
    },
    "done": true
  },
  "sf4:age_power/simulationchamber": {
    "criteria": {
      "Obtain Simulation Chamber": "2021-01-19 18:25:49 +0200"
    },
    "done": true
  },
  "sf4:age_enhancement/paxel": {
    "criteria": {
      "Obtain Pickle Tweaks Stone Paxel": "2021-01-20 14:31:58 +0200"
    },
    "done": true
  },
  "sf4:age1/sapling/bone": {
    "criteria": {
      "Completed Root": "2021-01-18 15:27:55 +0200",
      "Obtain Bone Sapling": "2021-01-18 16:49:45 +0200"
    },
    "done": true
  },
  "sf4:age_power/charger3": {
    "criteria": {
      "Obtain Tier 3 Charger": "2021-01-20 13:56:28 +0200"
    },
    "done": true
  },
  "pacifist:pacifist_run/peaceful": {
    "criteria": {
      "brokeLeaves": "2021-01-18 15:38:08 +0200",
      "brokeLog": "2021-01-18 16:34:20 +0200"
    },
    "done": false
  },
  "sf4:age_power/charger1": {
    "criteria": {
      "Obtain Tier 1 Charger": "2021-01-18 21:51:00 +0200"
    },
    "done": true
  },
  "sf4:age_power/charger2": {
    "criteria": {
      "Obtain Tier 2 Charger": "2021-01-20 13:56:20 +0200"
    },
    "done": true
  },
  "sf4:age1/water": {
    "criteria": {
      "Completed Root": "2021-01-18 15:27:55 +0200",
      "Obtain Water in a Clay Bucket": "2021-01-18 17:07:26 +0200"
    },
    "done": true
  },
  "sf4:age_power/pristineendermanmatter": {
    "criteria": {
      "Obtain Pristine Enderman Matter": "2021-01-19 20:36:21 +0200"
    },
    "done": true
  },
  "sf4:age_allthethingsomglol/modifiermaster": {
    "criteria": {
      "Diamond": "2021-01-19 23:32:31 +0200",
      "Sharpness": "2021-01-20 15:12:08 +0200",
      "Haste": "2021-01-19 23:32:31 +0200"
    },
    "done": false
  },
  "twilightforest:progress_yeti": {
    "criteria": {
      "previous_progression": "2021-01-19 21:47:29 +0200"
    },
    "done": false
  },
  "sf4:age_storage/simplestoragemaster": {
    "criteria": {
      "Obtain Network Master Block": "2021-01-20 12:23:51 +0200"
    },
    "done": true
  },
  "tutorial:tutorial/copied/diamond": {
    "criteria": {
      "Obtain Diamond": "2021-01-18 20:57:33 +0200"
    },
    "done": false
  },
  "sf4:age_power/complete": {
    "criteria": {
      "Completed Charger 2: Electric Boogaloo§r": "2021-01-20 13:56:20 +0200",
      "Completed Warm and Gooey§r": "2021-01-20 15:11:17 +0200",
      "Completed Generator, I Hardly Know Her§r": "2021-01-18 21:44:27 +0200",
      "Completed Clicker Hero§r": "2021-01-19 12:30:07 +0200",
      "Completed Getting into Shape§r": "2021-01-20 15:36:16 +0200",
      "Completed Oops I Did It Again§r": "2021-01-19 14:18:37 +0200",
      "Completed Get Informed!§r": "2021-01-20 13:51:22 +0200",
      "Completed Made for Each Other§r": "2021-01-20 14:51:27 +0200",
      "Completed The Study Guide§r": "2021-01-19 19:45:21 +0200",
      "Completed Package Control§r": "2021-01-18 23:48:22 +0200",
      "Completed It Keeps Going... and Going...§r": "2021-01-20 13:40:29 +0200",
      "Completed Gotta Smelt Fast§r": "2021-01-20 14:34:56 +0200",
      "Completed B-Aiken be Aiken§r": "2021-01-20 14:28:58 +0200",
      "Completed I\u0027m A Computah!§r": "2021-01-20 14:22:27 +0200",
      "Completed What the Heck?!§r": "2021-01-19 20:18:35 +0200",
      "Completed Extraction, Extraction, Read All About It!§r": "2021-01-19 20:05:30 +0200",
      "Completed No Chargebacks§r": "2021-01-20 13:56:28 +0200",
      "Completed Need iiii Speed§r": "2021-01-18 23:36:38 +0200",
      "Completed Slush Puppy§r": "2021-01-20 13:53:00 +0200",
      "Completed Ctrl-Z§r": "2021-01-20 13:50:23 +0200",
      "Completed Tesla was Right!§r": "2021-01-20 13:54:12 +0200",
      "Completed Age of Power§r": "2021-01-18 15:27:55 +0200",
      "Completed Down the Rabbit Hole§r": "2021-01-19 18:25:49 +0200",
      "Completed Go, Go, Building Gadget§r": "2021-01-19 14:18:37 +0200",
      "Completed The Truth is Out There§r": "2021-01-19 20:36:21 +0200",
      "Completed I\u0027ll Dehydrate You§r": "2021-01-19 14:18:21 +0200",
      "Completed Dead Cells§r": "2021-01-19 20:45:39 +0200",
      "Completed What\u0027s the Matter with Overworldians?§r": "2021-01-19 20:45:39 +0200",
      "Completed Level Up!§r": "2021-01-18 23:35:29 +0200",
      "Completed Max Power§r": "2021-01-20 13:31:34 +0200",
      "Completed Chargin\u0027 Mah Lazer!§r": "2021-01-18 21:51:00 +0200",
      "Completed The End of all Matter§r": "2021-01-19 20:36:21 +0200",
      "Completed Config-a-ma-whatzit§r": "2021-01-20 14:36:03 +0200",
      "Completed Withered Away§r": "2021-01-19 21:16:13 +0200",
      "Completed Jacob\u0027s Ladder§r": "2021-01-20 13:41:32 +0200",
      "Completed Bring Me to Life§r": "2021-01-19 20:03:09 +0200"
    },
    "done": false
  },
  "twilightforest:alt/entities/slime_beetle": {
    "criteria": {
      "hurt_by_indirect": "2021-01-19 13:31:54 +0200"
    },
    "done": true
  },
  "sf4:age_power/pristinezombiematter": {
    "criteria": {
      "Obtain Pristine Zombie Matter": "2021-01-19 20:45:39 +0200"
    },
    "done": true
  },
  "hardcore:hardcore/survive": {
    "criteria": {
      "Get killed": "2021-01-18 22:47:39 +0200"
    },
    "done": false
  },
  "sf4:age_storage/meterminal": {
    "criteria": {
      "Obtain ME Terminal": "2021-01-20 00:25:48 +0200"
    },
    "done": true
  },
  "twilightforest:alt/treasures/tools": {
    "criteria": {
      "0": "2021-01-19 13:49:06 +0200"
    },
    "done": true
  },
  "compactmachines:test/5x5x52": {
    "criteria": {
      "Craft Simple Culinary Generator": "2021-01-18 21:47:51 +0200",
      "Craft Simple Fluid Combustion Generator": "2021-01-18 22:03:53 +0200",
      "Craft Simple Combustion Generator": "2021-01-18 21:44:27 +0200",
      "Craft Simple Geothermal Generator": "2021-01-18 22:59:02 +0200"
    },
    "done": false
  },
  "sf4:age1/amber/iron": {
    "criteria": {
      "Completed Root": "2021-01-18 15:27:55 +0200",
      "Obtain Iron Amber": "2021-01-18 17:56:17 +0200"
    },
    "done": true
  },
  "sf4:age_power/autoclicker": {
    "criteria": {
      "Obtain Auto Clicker": "2021-01-19 12:30:07 +0200"
    },
    "done": true
  },
  "twilightforest:progress_lich": {
    "criteria": {
      "trophy": "2021-01-19 21:47:29 +0200",
      "kill_naga": "2021-01-19 13:32:07 +0200"
    },
    "done": true
  },
  "twilightforest:alt/treasures/charm_of_keeping": {
    "criteria": {
      "1": "2021-01-19 21:34:56 +0200"
    },
    "done": true
  },
  "twilightforest:hill3": {
    "criteria": {
      "wraith": "2021-01-19 13:36:41 +0200"
    },
    "done": true
  },
  "sf4:age_power/ingotformer": {
    "criteria": {
      "Obtain Ingot Former": "2021-01-20 15:36:16 +0200"
    },
    "done": true
  },
  "sf4:age_storage/woodenhopper": {
    "criteria": {
      "Obtain Wooden Hopper": "2021-01-18 21:37:40 +0200"
    },
    "done": true
  },
  "tutorial:tutorial/placeoak": {
    "criteria": {
      "Placed Oak Wood Slab": "2021-01-18 16:34:46 +0200",
      "Placed Oak Planks": "2021-01-18 16:37:34 +0200"
    },
    "done": false
  },
  "sf4:age_power/speedmodifier": {
    "criteria": {
      "Obtain Speed Modifier": "2021-01-18 23:36:38 +0200"
    },
    "done": true
  },
  "sf4:age_power/pristinewitherskeletonmatter": {
    "criteria": {
      "Obtain Pristine Wither Skeleton Matter": "2021-01-19 21:16:13 +0200"
    },
    "done": true
  },
  "sf4:age_farming/complete_no_prestige": {
    "criteria": {
      "Completed Cowabonsai!§r": "2021-01-18 17:58:35 +0200",
      "Prestige Mode Disabled": "2021-01-18 15:27:55 +0200",
      "Completed Sick Sprinkler§r": "2021-01-19 16:41:59 +0200",
      "Completed Shredded Wheat§r": "2021-01-18 19:51:31 +0200",
      "Completed Yes We Can!§r": "2021-01-19 16:36:14 +0200",
      "Completed Fertile Soil§r": "2021-01-18 20:02:16 +0200",
      "Completed This Little Piggy§r": "2021-01-18 19:52:01 +0200",
      "Completed Bonsai!!!§r": "2021-01-18 17:20:38 +0200",
      "Completed TuMULCHuous§r": "2021-01-18 20:15:07 +0200",
      "Completed Age of Farming§r": "2021-01-18 15:27:55 +0200",
      "Completed Beanboozled§r": "2021-01-19 22:41:32 +0200"
    },
    "done": false
  },
  "sf4:age_allthethingsomglol/pristinematter": {
    "criteria": {
      "Pristine Twilight Forest Matter": "2021-01-19 22:03:33 +0200",
      "Pristine Wither Skeleton Matter": "2021-01-19 21:16:13 +0200",
      "Pristine Enderman Matter": "2021-01-19 20:36:21 +0200",
      "Pristine Zombie Matter": "2021-01-19 20:45:39 +0200"
    },
    "done": false
  },
  "sf4:age_allthethingsomglol/root": {
    "criteria": {
      "inventoryChange": "2021-01-18 15:27:55 +0200"
    },
    "done": true
  }
}