{"stat.pickup.valkyrielib.modifier_component":12,"stat.mineBlock.sky_orchards.log_coal":16,"stat.pickup.minecraft.bone":17,"stat.pickup.minecraft.wooden_slab":3,"stat.useItem.sky_orchards.sapling_cottonwood":1,"stat.leaveGame":10,"stat.pickup.minecraft.flint":2,"stat.pickup.sky_orchards.resin_dirt":11,"stat.craftItem.sky_orchards.amber_osmium":12,"stat.useItem.minecraft.diamond_sword":31,"stat.pickup.pickletweaks.coal_piece":5,"stat.craftItem.sky_orchards.amber_iron":6,"stat.swimOneCm":271,"stat.useItem.minecraft.planks":1,"stat.drop.minecraft.cobblestone":13,"stat.pickup.minecraft.blaze_powder":2,"stat.mineBlock.sky_orchards.log_dirt":6,"stat.drop.minecraft.brown_mushroom":1,"stat.drop.mekanism.machineblock":2,"stat.useItem.sky_orchards.sapling_bone":2,"stat.useItem.minecraft.dirt":6,"stat.useItem.minecraft.stone_slab2":72,"stat.pickup.sky_orchards.resin_cottonwood":12,"stat.pickup.minecraft.rotten_flesh":12,"stat.craftItem.minecraft.furnace":2,"stat.drop.minecraft.end_crystal":1,"stat.pickup.sky_orchards.sapling_dirt":60,"stat.craftItem.mekanism.basicblock":1,"stat.useItem.minecraft.egg":6,"stat.craftItem.minecraft.stone_axe":1,"stat.pickup.mysticalagriculture.infusion_crystal":1,"stat.killEntity.Enderman":2,"stat.drop.valkyrielib.modifier_speed":41,"stat.mineBlock.minecraft.obsidian":1,"stat.mineBlock.sky_orchards.leaves_dirt":369,"stat.pickup.minecraft.cobblestone":16,"stat.mineBlock.minecraft.wooden_slab":1,"stat.craftItem.sky_orchards.amber_gold":12,"stat.craftItem.cyclicmagic.item_pump":2,"stat.mineBlock.minecraft.redstone_block":1,"stat.flyOneCm":113604,"stat.pickup.minecraft.brown_mushroom":4,"stat.pickup.mekanism.enrichedalloy":1,"stat.mineBlock.sky_orchards.leaves_coal":46,"stat.pickup.inspirations.mulch":1,"stat.pickup.sky_orchards.resin_coal":105,"stat.pickup.sky_orchards.resin_petrified":115,"stat.craftItem.minecraft.wooden_slab":48,"stat.pickup.sky_orchards.sapling_petrified":144,"stat.pickup.minecraft.redstone":4,"stat.timeSinceDeath":7929,"stat.mineBlock.sky_orchards.leaves_cottonwood":88,"stat.hopperInspected":1,"stat.useItem.minecraft.wooden_slab":28,"stat.craftItem.mekanism.energycube":2,"stat.pickup.mekanismgenerators.generator":1,"stat.craftItem.minecraft.iron_block":1,"stat.mineBlock.mekanismgenerators.generator":1,"stat.pickup.minecraft.wooden_axe":1,"stat.pickup.thermalfoundation.material":2,"stat.furnaceInteraction":64,"stat.drop.minecraft.dirt":4,"stat.craftItem.minecraft.concrete_powder":48,"stat.useItem.sky_orchards.sapling_clay":1,"stat.useItem.statues.blockplayerstatue":1,"stat.useItem.xlfoodmod.coffee":1,"stat.useItem.tp.toasted_bread":1,"stat.craftItem.thermalfoundation.material":22,"stat.pickup.minecraft.string":6,"stat.pickup.sky_orchards.acorn_coal":113,"stat.useItem.tconstruct.edible":9,"stat.craftItem.minecraft.brick_block":6,"stat.pickup.minecraft.beef":4,"stat.pickup.tombstone.crafting_ingredient":4,"stat.craftItem.mysticalagriculture.crafting":110,"stat.mineBlock.sky_orchards.leaves_clay":105,"stat.pickup.mysticalagriculture.tier2_inferium_seeds":19,"stat.craftItem.mekanism.energytablet":4,"stat.pickup.sky_orchards.sapling_cottonwood":9,"stat.craftItem.minecraft.stone_slab2":0,"stat.drop.sky_orchards.acorn_dirt":4,"stat.useItem.sky_orchards.sapling_petrified":22,"stat.pickup.sky_orchards.acorn_dirt":45,"stat.sprintOneCm":252317,"stat.pickup.sky_orchards.sapling_coal":100,"stat.craftItem.minecraft.stick":68,"stat.craftItem.minecraft.wooden_axe":3,"stat.mineBlock.sky_orchards.leaves_petrified":903,"stat.craftItem.minecraft.sand":39,"stat.craftItem.valkyrielib.modifier_speed":41,"stat.useItem.minecraft.diamond_pickaxe":3,"stat.craftItem.minecraft.dropper":2,"stat.pickup.inspirations.wooden_crook":6,"stat.pickup.sky_orchards.leaves_coal":32,"stat.craftItem.minecraft.clay_ball":100,"stat.craftItem.minecraft.heavy_weighted_pressure_plate":2,"stat.deaths":11,"stat.drop":88,"stat.pickup.minecraft.egg":6,"stat.playOneMinute":507708,"stat.pickup.sky_orchards.sapling_lapis":1,"stat.mineBlock.bonsaitrees.bonsaipot":146,"stat.drop.statues.blockplayerstatue":4,"stat.craftItem.minecraft.clay":25,"stat.drop.cyclicmagic.item_pipe":8,"stat.useItem.sky_orchards.sapling_sand":2,"stat.pickup.minecraft.wheat":1,"stat.chestOpened":420,"stat.pickup.tconstruct.tooltables":1,"stat.pickup.sky_orchards.acorn_cottonwood":12,"stat.pickup.inspirations.stone_crook":3,"stat.pickup.minecraft.sign":2,"stat.mineBlock.sky_orchards.leaves_bone":99,"stat.pickup.minecraft.gravel":31,"stat.pickup.minecraft.arrow":24,"stat.craftItem.mekanism.machineblock":1,"stat.pickup.minecraft.stone_axe":1,"stat.pickup.sky_orchards.acorn_petrified":122,"stat.useItem.bonsaitrees.bonsaipot":107,"stat.pickup.minecraft.obsidian":3,"stat.useItem.inspirations.wooden_crook":1530,"stat.pickup.sky_orchards.resin_sand":63,"stat.pickup.mysticalagriculture.tier3_inferium_seeds":4,"stat.craftItem.minecraft.coal":15,"stat.pickup.sky_orchards.resin_clay":39,"stat.craftItem.minecraft.brick_stairs":4,"stat.craftItem.minecraft.diamond_sword":1,"stat.craftItem.minecraft.iron_nugget":18,"stat.jump":1303,"stat.pickup.sky_orchards.resin_gold":4,"stat.fallOneCm":379118,"stat.craftItem.bonsaitrees.bonsaipot":4,"stat.craftItem.minecraft.lever":1,"stat.useItem.minecraft.stone_axe":130,"stat.pickup.minecraft.gunpowder":24,"stat.crouchOneCm":21752,"stat.drop.cyclicmagic.item_pump":2,"stat.craftItem.minecraft.diamond":7,"stat.mineBlock.sky_orchards.log_sand":17,"stat.craftItem.minecraft.iron_ingot":72,"stat.craftItem.minecraft.chest":13,"stat.pickup.rustic.grape_stem":1,"stat.pickup.minecraft.dirt":159,"stat.pickup.bonsaitrees.bonsaipot":144,"stat.craftItem.minecraft.hopper":2,"stat.craftingTableInteraction":93,"stat.pickup.tconstruct.slime_congealed":1,"stat.mineBlock.sky_orchards.leaves_sand":67,"stat.pickup.sky_orchards.resin_bone":12,"stat.pickup.sky_orchards.sapling_sand":59,"stat.drop.sky_orchards.resin_iron":5,"stat.pickup.sky_orchards.acorn_redstone":3,"stat.damageTaken":3384,"stat.pickup.minecraft.leather":3,"stat.mineBlock.minecraft.torch":1,"stat.pickup.minecraft.end_crystal":1,"stat.pickup.minecraft.dye":5,"stat.pickup.mysticalagriculture.crafting":440,"stat.pickup.sky_orchards.resin_iron":6,"stat.pickup.minecraft.reeds":28,"stat.pickup.minecraft.iron_leggings":1,"stat.pickup.minecraft.wheat_seeds":1,"stat.craftItem.sky_orchards.acorn_iron":32,"stat.mineBlock.sky_orchards.sapling_petrified":4,"stat.drop.mysticalagriculture.crafting":10,"stat.pickup.sky_orchards.sapling_clay":33,"stat.pickup.statues.blockplayerstatue":9,"stat.craftItem.minecraft.iron_leggings":1,"stat.damageDealt":1281,"stat.mineBlock.sky_orchards.log_bone":8,"stat.craftItem.minecraft.glass":4,"stat.sleepInBed":2,"stat.killEntity.Cow":2,"stat.mineBlock.minecraft.dirt":13,"stat.craftItem.minecraft.gravel":43,"stat.pickup.sky_orchards.acorn_bone":8,"stat.craftItem.integrateddynamics.squeezer":1,"stat.walkOneCm":1491278,"stat.pickup.ceramics.clay_bucket":1,"stat.useItem.minecraft.chest":3,"stat.pickup.sky_orchards.leaves_clay":6,"stat.pickup.minecraft.stick":136,"stat.pickup.minecraft.diamond_pickaxe":1,"stat.craftItem.minecraft.redstone_block":36,"stat.drop.minecraft.rotten_flesh":2,"stat.pickup.sky_orchards.sapling_bone":15,"stat.pickup.sky_orchards.acorn_gold":16,"stat.craftItem.cyclicmagic.item_pipe":8,"stat.useItem.minecraft.cobblestone":5,"stat.craftItem.inspirations.wooden_crook":12,"stat.pickup.appliedenergistics2.energy_acceptor":1,"stat.pickup.sky_orchards.acorn_clay":50,"stat.drop.valkyrielib.modifier_component":16,"stat.pickup.sky_orchards.leaves_sand":24,"stat.craftItem.sky_orchards.amber_gravel":10,"stat.useItem.sky_orchards.acorn_redstone":3,"stat.craftItem.mekanism.ingot":24,"stat.pickup.cyclicmagic.sprout_seed":1,"stat.pickup.minecraft.redstone_block":1,"stat.drop.bonsaitrees.bonsaipot":4,"stat.pickup.minecraft.log":339,"stat.useItem.sky_orchards.acorn_iron":6,"stat.drop.inspirations.wooden_crook":13,"stat.pickup.mekanism.machineblock":1,"stat.pickup.sky_orchards.resin_gravel":2,"stat.pickup.sky_orchards.acorn_gravel":11,"stat.pickup.matteroverdrive.rogue_android_part":1,"stat.craftItem.mekanismgenerators.generator":1,"stat.drop.xlfoodmod.coffee_cup":1,"stat.craftItem.minecraft.gold_ingot":171,"stat.pickup.sky_orchards.acorn_sand":121,"stat.craftItem.minecraft.iron_chestplate":1,"stat.drop.sky_orchards.sapling_coal":4,"stat.pickup.sky_orchards.acorn_silver":64,"stat.craftItem.minecraft.redstone":270,"stat.killEntity.twilightforest.deer":1,"stat.pickup.minecraft.ender_pearl":2,"stat.drop.appliedenergistics2.energy_acceptor":1,"stat.pickup.sky_orchards.sapling_gravel":9,"stat.useItem.sky_orchards.acorn_clay":4,"stat.craftItem.mekanismgenerators.turbineblade":1,"stat.craftItem.minecraft.planks":208,"stat.killEntity.Chicken":3,"stat.pickup.cyclicmagic.item_pipe":7,"stat.drop.sky_orchards.resin_clay":1,"stat.drop.sky_orchards.resin_gold":64,"stat.pickup.twilightforest.raw_venison":3,"stat.mobKills":8,"stat.mineBlock.sky_orchards.log_clay":14,"stat.drop.sky_orchards.acorn_gold":64,"stat.drop.tconstruct.edible":7,"stat.craftItem.valkyrielib.modifier_component":48,"stat.pickup.minecraft.beetroot_seeds":1,"stat.pickup.minecraft.torch":1,"stat.useItem.sky_orchards.sapling_coal":3,"stat.sneakTime":7791,"stat.mineBlock.sky_orchards.log_cottonwood":9,"stat.pickup.rustic.chili_pepper_seeds":1,"stat.craftItem.mekanism.controlcircuit":3,"stat.drop.minecraft.stone_axe":1,"stat.useItem.minecraft.wooden_axe":169,"stat.useItem.tconstruct.slime_congealed":1,"stat.craftItem.minecraft.brick":64,"stat.mineBlock.sky_orchards.log_petrified":86,"stat.useItem.sky_orchards.sapling_dirt":3,"stat.drop.minecraft.wooden_axe":2}