{"stat.mineBlock.matteroverdrive.tritanium_ore":4,"stat.pickup.minecraft.wooden_slab":5,"stat.craftItem.minecraft.diamond_hoe":1,"stat.leaveGame":48,"stat.pickup.sky_orchards.resin_prosperity":15,"stat.craftItem.mysticalagriculture.infusion_crystal":2,"stat.useItem.chineseworkshop.oak_wall":81,"stat.pickup.bdsandm.wood_crate":1,"stat.pickup.tconstruct.edible":2,"stat.mineBlock.rustic.leaves":35,"stat.mineBlock.tconstruct.channel":4,"stat.craftItem.sky_orchards.amber_bone":12,"stat.drop.mysticalagriculture.infusion_crystal":1,"stat.pickup.tconstruct.faucet":1,"stat.mineBlock.minecraft.web":10,"stat.useItem.xlfoodmod.cooked_dough":19,"stat.useItem.xlfoodmod.onion_rings":4,"stat.mineBlock.sky_orchards.log_dirt":106,"stat.drop.sky_orchards.sapling_redstone":2,"stat.craftItem.chineseworkshop.thin_wall_w":360,"stat.pickup.minecraft.rotten_flesh":31,"stat.mineBlock.nuclearcraft.manufactory_idle":1,"stat.pickup.sky_orchards.sapling_dirt":52,"stat.pickup.uppers.upper":1,"stat.craftItem.minecraft.stone_axe":5,"stat.pickup.minecraft.bucket":1,"stat.mineBlock.twilightforest.cicada":2,"stat.killEntity.Enderman":3,"stat.mineBlock.minecraft.wooden_slab":3,"stat.mineBlock.rustic.log":9,"stat.killEntity.Witch":8,"stat.pickup.sky_orchards.resin_petrified":6,"stat.pickup.xlfoodmod.strawberry_seeds":4,"stat.pickup.xlfoodmod.lettuce":4,"stat.useItem.minecraft.iron_pickaxe":223,"stat.useItem.nuclearcraft.ore":3,"stat.drop.sky_orchards.sapling_iron":1,"stat.mineBlock.minecraft.vine":5,"stat.pickup.thermalfoundation.material":23,"stat.pickup.rustic.wildberries":1,"stat.furnaceInteraction":190,"stat.useItem.statues.blockplayerstatue":1,"stat.killEntity.ZombieVillager":1,"stat.craftItem.cyclicmagic.fluid_pipe":8,"stat.pickup.minecraft.nether_brick":65,"stat.craftItem.sky_orchards.acorn_dirt":2,"stat.pickup.sky_orchards.acorn_coal":18,"stat.useItem.twilightforest.cooked_venison":9,"stat.drop.sky_orchards.acorn_dirt":1,"stat.pickup.minecraft.cauldron":1,"stat.pickup.sky_orchards.acorn_dirt":52,"stat.useItem.rustic.wildberries":3,"stat.pickup.sky_orchards.sapling_coal":2,"stat.mineBlock.sky_orchards.log_prosperity":12,"stat.mineBlock.tconstruct.ore":30,"stat.pickup.minecraft.potion":2,"stat.useItem.minecraft.flint_and_steel":13,"stat.useItem.minecraft.wheat_seeds":32,"stat.pickup.rustic.olives":13,"stat.craftItem.minecraft.dropper":1,"stat.pickup.sky_orchards.leaves_coal":3,"stat.craftItem.morecauldrons.cobble_cauldron":1,"stat.useItem.minecraft.dye":235,"stat.deaths":13,"stat.pickup.minecraft.egg":27,"stat.pickup.sky_orchards.leaves_dirt":1,"stat.pickup.xlfoodmod.raw_corn":20,"stat.craftItem.minecraft.iron_pickaxe":2,"stat.pickup.sky_orchards.sapling_lapis":2,"stat.drop.minecraft.iron_ingot":1,"stat.drop.minecraft.glass_bottle":2,"stat.mineBlock.minecraft.tallgrass":33,"stat.craftItem.minecraft.cooked_mutton":2,"stat.useItem.sky_orchards.sapling_sand":26,"stat.pickup.tconstruct.seared":2,"stat.chestOpened":942,"stat.pickup.inspirations.stone_crook":1,"stat.useItem.minecraft.cooked_rabbit":1,"stat.useItem.minecraft.stone":2,"stat.mineBlock.rustic.chamomile":1,"stat.pickup.minecraft.arrow":55,"stat.pickup.sky_orchards.acorn_cobalt":3,"stat.pickup.rustic.chamomile":3,"stat.craftItem.minecraft.quartz_block":7,"stat.pickup.minecraft.gold_nugget":7,"stat.pickup.telepastries.twilight_cake":1,"stat.craftItem.minecraft.coal":13,"stat.drop.minecraft.iron_pickaxe":2,"stat.useItem.sky_orchards.sapling_gravel":36,"stat.craftItem.sky_orchards.sapling_redstone":1,"stat.pickup.minecraft.carrot":7,"stat.crouchOneCm":140222,"stat.craftItem.minecraft.diamond":38,"stat.craftItem.minecraft.iron_ingot":52,"stat.pickup.minecraft.painting":15,"stat.pickup.bonsaitrees.bonsaipot":69,"stat.craftItem.minecraft.hopper":3,"stat.craftingTableInteraction":144,"stat.craftItem.tconstruct.pattern":134,"stat.pickup.sky_orchards.acorn_redstone":3,"stat.useItem.minecraft.reeds":3,"stat.drop.matteroverdrive.dilithium_crystal":1,"stat.pickup.minecraft.dye":57,"stat.pickup.minecraft.planks":54,"stat.pickup.bdsandm.metal_crate":1,"stat.pickup.tconstruct.binding":1,"stat.pickup.chisel.limestone2":12,"stat.pickup.minecraft.wheat_seeds":110,"stat.useItem.chineseworkshop.thin_wall_w":219,"stat.craftItem.tconstruct.seared_furnace_controller":1,"stat.pickup.darkutils.material":4,"stat.pickup.thermaldynamics.duct_16":6,"stat.pickup.sky_orchards.acorn_prosperity":11,"stat.pickup.xlfoodmod.cooked_dough":14,"stat.mineBlock.xlfoodmod.grass":10,"stat.mineBlock.minecraft.dirt":36,"stat.pickup.sky_orchards.acorn_iron":47,"stat.craftItem.thermaldynamics.duct_16":6,"stat.pickup.compactstorage.compactchest":1,"stat.pickup.tconstruct.pattern":3,"stat.useItem.minecraft.bread":17,"stat.pickup.inspirations.carrot_seeds":1,"stat.craftItem.xlfoodmod.corn":4,"stat.useItem.minecraft.cobblestone":363,"stat.killEntity.twilightforest.slime_beetle":20,"stat.pickup.tconstruct.pickaxe":2,"stat.drop.tconstruct.soil":1,"stat.mineBlock.sky_orchards.sapling_clay":2,"stat.drop.bonsaitrees.bonsaipot":1,"stat.pickup.sky_orchards.resin_gravel":254,"stat.pickup.minecraft.iron_pickaxe":6,"stat.useItem.tconstruct.pickaxe":76,"stat.pickup.sky_orchards.resin_silver":64,"stat.craftItem.minecraft.gold_ingot":9,"stat.pickup.minecraft.apple":10,"stat.mineBlock.twilightforest.twilight_leaves":3,"stat.pickup.telepastries.nether_cake":1,"stat.craftItem.minecraft.bucket":1,"stat.craftItem.minecraft.planks":1032,"stat.craftItem.minecraft.dirt":1,"stat.pickup.morecauldrons.oak_cauldron":1,"stat.pickup.minecraft.book":65,"stat.mineBlock.minecraft.log":47,"stat.pickup.rustic.sapling_apple":11,"stat.craftItem.nuclearcraft.water_source":1,"stat.pickup.minecraft.red_flower":6,"stat.pickup.minecraft.wool":2,"stat.mineBlock.cyclicmagic.energy_pipe":3,"stat.mineBlock.sky_orchards.leaves_prosperity":96,"stat.pickup.sky_orchards.resin_cobalt":8,"stat.craftItem.minecraft.cooked_rabbit":1,"stat.craftItem.minecraft.diamond_leggings":2,"stat.mineBlock.cookingforblockheads.sink":3,"stat.useItem.minecraft.iron_axe":234,"stat.mineBlock.minecraft.cobblestone":61,"stat.craftItem.tconstruct.edible":4,"stat.pickup.minecraft.flint":56,"stat.mineBlock.minecraft.yellow_flower":6,"stat.killEntity.Human":4,"stat.drop.thermalfoundation.material":5,"stat.craftItem.minecraft.wool":2,"stat.pickup.minecraft.flower_pot":1,"stat.useItem.thermaldynamics.duct_16":6,"stat.pickup.tombstone.tablet_of_assistance":2,"stat.mineBlock.morecauldrons.oak_cauldron":1,"stat.pickup.minecraft.writable_book":3,"stat.pickup.industrialforegoing.range_addon":3,"stat.useItem.minecraft.stone_slab2":210,"stat.mineBlock.chineseworkshop.oak_wall":27,"stat.pickup.minecraft.iron_boots":5,"stat.craftItem.minecraft.furnace":11,"stat.craftItem.minecraft.lapis_block":21,"stat.pickup.thermalfoundation.ore":21,"stat.useItem.minecraft.egg":3,"stat.craftItem.minecraft.iron_boots":2,"stat.useItem.xlfoodmod.corn_seeds":1,"stat.drop.bdsandm.wood_crate":1,"stat.craftItem.minecraft.cooked_beef":13,"stat.mineBlock.minecraft.obsidian":1,"stat.mineBlock.sky_orchards.leaves_dirt":566,"stat.craftItem.sky_orchards.amber_gold":13,"stat.flyOneCm":985230,"stat.pickup.rustic.slate":7,"stat.mineBlock.morecauldrons.cobble_cauldron":3,"stat.timeSinceDeath":7434,"stat.useItem.minecraft.wooden_slab":90,"stat.drop.minecraft.spider_eye":1,"stat.mineBlock.rustic.cohosh":2,"stat.craftItem.minecraft.iron_block":1,"stat.killEntity.Bat":1,"stat.craftItem.tconstruct.seared":61,"stat.craftItem.telepastries.overworld_cake":1,"stat.pickup.xlfoodmod.cucumber_seeds":5,"stat.pickup.twilightforest.naga_scale":2,"stat.mineBlock.minecraft.coal_ore":64,"stat.pickup.sky_orchards.acorn_lead":25,"stat.killEntity.Creeper":21,"stat.craftItem.minecraft.stone_hoe":1,"stat.useItem.tp.toasted_bread":1,"stat.pickup.minecraft.string":58,"stat.pickup.sky_orchards.amber_iron":64,"stat.mineBlock.minecraft.ladder":1,"stat.pickup.tombstone.crafting_ingredient":7,"stat.drop.minecraft.obsidian":2,"stat.craftItem.tconstruct.stone_stick":32,"stat.killEntity.twilightforest.pinch_beetle":10,"stat.craftItem.tconstruct.tooltables":11,"stat.pickup.sky_orchards.sapling_bacon":1,"stat.sprintOneCm":1163789,"stat.mineBlock.minecraft.stone_slab":5,"stat.mineBlock.rustic.wildberry_bush":1,"stat.pickup.twilightforest.steeleaf_ingot":3,"stat.mineBlock.sky_orchards.leaves_petrified":27,"stat.craftItem.chineseworkshop.upper_door_frame":132,"stat.craftItem.tconstruct.ingots":45,"stat.mineBlock.minecraft.diamond_ore":8,"stat.drop.tconstruct.slime_congealed":1,"stat.craftItem.mysticalagriculture.tier1_inferium_seeds":4,"stat.useItem.sky_orchards.acorn_lead":2,"stat.pickup.sky_orchards.leaves_gravel":22,"stat.drop.farmingforblockheads.market":1,"stat.pickup.inspirations.wooden_crook":1,"stat.pickup.cookingforblockheads.sink":2,"stat.mineBlock.sky_orchards.log_lead":28,"stat.pickup.minecraft.sugar":6,"stat.drop.tombstone.grave_key":2,"stat.pickup.tconstruct.ore":28,"stat.pickup.tombstone.grave_key":2,"stat.mineBlock.bonsaitrees.bonsaipot":55,"stat.pickup.minecraft.iron_block":7,"stat.killEntity.Zombie":25,"stat.craftItem.minecraft.dye":192,"stat.killEntity.twilightforest.fire_beetle":3,"stat.craftItem.minecraft.diamond_axe":1,"stat.mineBlock.minecraft.gold_ore":9,"stat.diveOneCm":55769,"stat.craftItem.minecraft.slime_ball":4,"stat.pickup.minecraft.wheat":112,"stat.drop.sky_orchards.sapling_clay":1,"stat.pickup.tconstruct.tooltables":11,"stat.mineBlock.tconstruct.seared_furnace_controller":1,"stat.craftItem.minecraft.cooked_porkchop":10,"stat.mineBlock.tconstruct.slime_leaves":56,"stat.useItem.bonsaitrees.bonsaipot":33,"stat.pickup.minecraft.obsidian":2,"stat.pickup.sky_orchards.resin_clay":151,"stat.pickup.xlfoodmod.onion":3,"stat.pickup.matteroverdrive.tritanium_ore":4,"stat.craftItem.minecraft.diamond_sword":1,"stat.jump":6290,"stat.useItem.minecraft.sand":1,"stat.pickup.minecraft.coal":106,"stat.pickup.minecraft.iron_ingot":5,"stat.mineBlock.nuclearcraft.water_source":2,"stat.pickup.minecraft.gunpowder":20,"stat.mineBlock.sky_orchards.log_sand":133,"stat.craftItem.minecraft.torch":176,"stat.pickup.minecraft.dirt":88,"stat.pickup.rustic.log":9,"stat.useItem.minecraft.sapling":5,"stat.pickup.minecraft.gold_ore":9,"stat.mineBlock.minecraft.lapis_ore":6,"stat.damageTaken":11798,"stat.mineBlock.minecraft.red_flower":5,"stat.mineBlock.minecraft.torch":61,"stat.pickup.minecraft.magma_cream":2,"stat.craftItem.sky_orchards.amber_lead":2,"stat.useItem.forge.bucketfilled":2,"stat.pickup.minecraft.rabbit_hide":1,"stat.pickup.sky_orchards.sapling_clay":109,"stat.pickup.statues.blockplayerstatue":2,"stat.pickup.sky_orchards.amber_lapis":3,"stat.killEntity.Silverfish":8,"stat.craftItem.minecraft.stone_slab":378,"stat.animalsBred":3,"stat.useItem.minecraft.chest":13,"stat.craftItem.tconstruct.smeltery_io":1,"stat.pickup.sky_orchards.sapling_bone":1,"stat.mineBlock.thermaldynamics.duct_16":6,"stat.useItem.minecraft.lava_bucket":1,"stat.useItem.sky_orchards.sapling_lead":5,"stat.drop.inspirations.wooden_crook":5,"stat.craftItem.rustic.crushing_tub":1,"stat.mineBlock.sky_orchards.leaves_lead":201,"stat.pickup.twilightforest.ironwood_boots":2,"stat.pickup.minecraft.ender_pearl":4,"stat.useItem.minecraft.netherrack":354,"stat.craftItem.cyclicmagic.fluid_pump":1,"stat.mineBlock.minecraft.stonebrick":3,"stat.killEntity.twilightforest.bighorn_sheep":2,"stat.mineBlock.minecraft.glowstone":1,"stat.pickup.twilightforest.raw_venison":11,"stat.mobKills":357,"stat.pickup.minecraft.diamond_boots":1,"stat.mineBlock.minecraft.bookshelf":18,"stat.mineBlock.tconstruct.wooden_hopper":1,"stat.pickup.minecraft.diamond":36,"stat.pickup.minecraft.beetroot_seeds":2,"stat.useItem.minecraft.writable_book":1,"stat.pickup.minecraft.torch":337,"stat.drop.minecraft.stone_axe":3,"stat.useItem.xlfoodmod.corn":4,"stat.mineBlock.sky_orchards.log_petrified":4,"stat.mineBlock.industrialforegoing.fluid_pump":8,"stat.pickup.cyclicmagic.energy_pipe":3,"stat.pickup.tconstruct.wooden_hopper":2,"stat.craftItem.minecraft.iron_axe":1,"stat.killEntity.twilightforest.swarm_spider":2,"stat.killEntity.Blaze":14,"stat.pickup.sky_orchards.resin_lead":41,"stat.useItem.minecraft.planks":88,"stat.drop.tconstruct.pickaxe":2,"stat.pickup.minecraft.golden_boots":1,"stat.pickup.minecraft.glowstone_dust":15,"stat.pickup.minecraft.porkchop":10,"stat.pickup.minecraft.blaze_powder":1,"stat.useItem.sky_orchards.sapling_prosperity":1,"stat.useItem.minecraft.water_bucket":44,"stat.pickup.minecraft.sand":17,"stat.pickup.nuclearcraft.water_source":2,"stat.craftItem.tconstruct.casting":2,"stat.mineBlock.twilightforest.twilight_log":85,"stat.pickup.twilightforest.naga_leggings":2,"stat.mineBlock.minecraft.sand":4,"stat.pickup.inspirations.mulch":16,"stat.drop.telepastries.twilight_cake":1,"stat.craftItem.minecraft.cooked_fish":9,"stat.craftItem.minecraft.blaze_powder":4,"stat.hopperInspected":1,"stat.drop.minecraft.diamond":1,"stat.pickup.tconstruct.slime_sapling":15,"stat.pickup.chineseworkshop.oak_wall":24,"stat.useItem.tconstruct.channel":4,"stat.killEntity.twilightforest.bunny":1,"stat.craftItem.minecraft.hardened_clay":18,"stat.pickup.telepastries.overworld_cake":1,"stat.drop.ceramics.clay_bucket":2,"stat.pickup.xlfoodmod.lettuce_seeds":5,"stat.pickup.compactstorage.backpack":2,"stat.craftItem.cookingforblockheads.sink":1,"stat.craftItem.thermalfoundation.material":21,"stat.pickup.nuclearcraft.manufactory_idle":1,"stat.useItem.minecraft.cooked_mutton":2,"stat.useItem.minecraft.redstone":6,"stat.entityKilledBy.twilightforest.death_tome":2,"stat.killEntity.twilightforest.wraith":12,"stat.useItem.telepastries.overworld_cake":1,"stat.pickup.xlfoodmod.vanilla_flower":2,"stat.pickup.minecraft.skull":2,"stat.craftItem.minecraft.sand":71,"stat.pickup.tconstruct.slime_dirt":6,"stat.drop.sky_orchards.sapling_sand":6,"stat.craftItem.minecraft.heavy_weighted_pressure_plate":1,"stat.pickup.xlfoodmod.pepper_seeds":4,"stat.playOneMinute":1133213,"stat.pickup.minecraft.blaze_rod":9,"stat.craftItem.twilightforest.cooked_venison":10,"stat.useItem.sky_orchards.acorn_dirt":1,"stat.pickup.mekanism.otherdust":7,"stat.entityKilledBy.twilightforest.lich":1,"stat.pickup.minecraft.iron_bars":1,"stat.pickup.minecraft.netherrack":536,"stat.drop.tconstruct.shard":3,"stat.drop.tconstruct.cross_guard":32,"stat.pickup.tconstruct.casting":12,"stat.craftItem.telepastries.twilight_cake":1,"stat.mineBlock.minecraft.netherrack":559,"stat.pickup.sky_orchards.acorn_petrified":7,"stat.killEntity.twilightforest.death_tome":21,"stat.craftItem.snad.snad":4,"stat.useItem.inspirations.wooden_crook":707,"stat.pickup.sky_orchards.resin_sand":275,"stat.mineBlock.rustic.slate":1,"stat.mineBlock.tconstruct.faucet":1,"stat.pickup.tconstruct.seared_furnace_controller":1,"stat.pickup.rustic.leaves_apple":4,"stat.fallOneCm":912733,"stat.drop.minecraft.dye":1,"stat.pickup.sky_orchards.sapling_cobalt":6,"stat.pickup.nuclearcraft.ore":35,"stat.pickup.minecraft.melon_seeds":4,"stat.craftItem.tconstruct.toolforge":2,"stat.craftItem.minecraft.chest":26,"stat.mineBlock.sky_orchards.leaves_sand":810,"stat.pickup.sky_orchards.sapling_sand":125,"stat.mineBlock.nuclearcraft.ore":35,"stat.pickup.minecraft.feather":4,"stat.useItem.minecraft.furnace":7,"stat.pickup.minecraft.slime":1,"stat.craftItem.tconstruct.materials":192,"stat.pickup.tconstruct.channel":4,"stat.pickup.rustic.fertile_soil":1,"stat.useItem.minecraft.stone_pickaxe":5,"stat.craftItem.tconstruct.seared_tank":1,"stat.drop.tconstruct.seared":1,"stat.drop.minecraft.reeds":9,"stat.craftItem.sky_orchards.amber_tin":28,"stat.pickup.sky_orchards.sapling_prosperity":18,"stat.pickup.twilightforest.trophy":1,"stat.pickup.cyclicmagic.block_storeempty":6,"stat.craftItem.integrateddynamics.squeezer":1,"stat.drop.sky_orchards.acorn_sand":1,"stat.mineBlock.cyclicmagic.block_storeempty":6,"stat.useItem.minecraft.torch":521,"stat.craftItem.tconstruct.channel":3,"stat.mineBlock.sky_orchards.sapling_dirt":2,"stat.craftItem.minecraft.redstone_block":28,"stat.pickup.advancementbook.advancement_book":1,"stat.craftItem.minecraft.crafting_table":5,"stat.killEntity.twilightforest.redcap":30,"stat.killEntity.LavaSlime":2,"stat.pickup.minecraft.redstone_block":16,"stat.pickup.minecraft.log":626,"stat.useItem.minecraft.cooked_fish":9,"stat.craftItem.twilightforest.twilight_oak_planks":44,"stat.useItem.sky_orchards.acorn_iron":47,"stat.drop.sky_orchards.acorn_gravel":1,"stat.killEntity.twilightforest.squirrel":1,"stat.pickup.twilightforest.shield_scepter":1,"stat.pickup.matteroverdrive.rogue_android_part":1,"stat.pickup.sky_orchards.acorn_sand":136,"stat.pickup.industrialforegoing.fluid_pump":8,"stat.pickup.minecraft.sapling":44,"stat.drop.thermalfoundation.storage":2,"stat.useItem.xlfoodmod.donut":61,"stat.craftItem.tconstruct.smeltery_controller":2,"stat.pickup.minecraft.beetroot":3,"stat.pickup.tconstruct.broadsword":1,"stat.killEntity.rogue_android":7,"stat.mineBlock.chineseworkshop.thin_wall_w":31,"stat.pickup.minecraft.diamond_helmet":1,"stat.killEntity.WitherSkeleton":8,"stat.pickup.minecraft.golden_sword":1,"stat.mineBlock.sky_orchards.log_clay":92,"stat.useItem.minecraft.stone_hoe":1,"stat.drop.tconstruct.edible":2,"stat.useItem.inspirations.bone_crook":518,"stat.craftItem.minecraft.sugar":2,"stat.drop.sky_orchards.sapling_bacon":1,"stat.sneakTime":55963,"stat.pickup.minecraft.rabbit":1,"stat.craftItem.sky_orchards.sapling_prosperity":2,"stat.pickup.minecraft.stone_slab":11,"stat.pickup.minecraft.yellow_flower":6,"stat.drop.tconstruct.slime_dirt":1,"stat.useItem.sky_orchards.sapling_dirt":20,"stat.useItem.minecraft.beetroot":3,"stat.drop.sky_orchards.sapling_lead":1,"stat.killEntity.twilightforest.lich":1,"stat.craftItem.minecraft.diamond_chestplate":2,"stat.pickup.minecraft.bone":72,"stat.pickup.minecraft.redstone_torch":6,"stat.mineBlock.sky_orchards.leaves_gravel":936,"stat.mineBlock.cyclicmagic.fluid_pump":8,"stat.craftItem.minecraft.bone":36,"stat.craftItem.tconstruct.faucet":3,"stat.pickup.sky_orchards.resin_dirt":161,"stat.useItem.minecraft.diamond_sword":1408,"stat.craftItem.minecraft.diamond_helmet":2,"stat.craftItem.sky_orchards.amber_iron":32,"stat.craftItem.inspirations.bone_crook":3,"stat.swimOneCm":18646,"stat.climbOneCm":15684,"stat.craftItem.inspirations.stone_crook":8,"stat.mineBlock.sky_orchards.log_cobalt":5,"stat.useItem.minecraft.dirt":4,"stat.drop.inspirations.bone_crook":1,"stat.pickup.twilightforest.ironwood_pickaxe":1,"stat.pickup.tp.watering_can":1,"stat.craftItem.minecraft.bone_block":20,"stat.pickup.rustic.cohosh":4,"stat.craftItem.minecraft.stone_pickaxe":1,"stat.pickup.minecraft.cobblestone":307,"stat.mineBlock.chisel.limestone2":12,"stat.pickup.minecraft.glass_bottle":3,"stat.pickup.minecraft.soul_sand":1,"stat.useItem.rustic.olives":3,"stat.pickup.sky_orchards.sapling_lead":39,"stat.pickup.sky_orchards.resin_coal":5,"stat.craftItem.minecraft.wooden_slab":876,"stat.useItem.minecraft.cooked_beef":12,"stat.pickup.minecraft.cactus":16,"stat.pickup.sky_orchards.sapling_petrified":5,"stat.pickup.minecraft.redstone":26,"stat.mineBlock.minecraft.iron_ore":9,"stat.drop.minecraft.log":4,"stat.drop.tconstruct.cast_custom":1,"stat.mineBlock.xlfoodmod.vanilla_flower":2,"stat.pickup.minecraft.mutton":2,"stat.killEntity.ranged_rogue_android":4,"stat.craftItem.minecraft.cake":3,"stat.drop.tconstruct.tooltables":1,"stat.mineBlock.thermalfoundation.ore":21,"stat.pickup.tconstruct.soil":2,"stat.drop.minecraft.dirt":1,"stat.pickup.rustic.sapling":5,"stat.useItem.minecraft.cooked_porkchop":10,"stat.useItem.sky_orchards.sapling_clay":24,"stat.mineBlock.minecraft.nether_brick":75,"stat.craftItem.tconstruct.soil":323,"stat.pickup.tconstruct.smeltery_controller":1,"stat.craftItem.minecraft.brick_block":6,"stat.pickup.xlfoodmod.corn_seeds":20,"stat.mineBlock.sky_orchards.leaves_clay":691,"stat.craftItem.minecraft.stone_slab2":3,"stat.pickup.minecraft.paper":163,"stat.craftItem.minecraft.stick":132,"stat.useItem.minecraft.stone_slab":314,"stat.craftItem.minecraft.gold_nugget":9,"stat.craftItem.sky_orchards.acorn_lead":8,"stat.useItem.minecraft.diamond_pickaxe":978,"stat.craftItem.minecraft.clay_ball":48,"stat.craftItem.nuclearcraft.dust":7,"stat.mineBlock.minecraft.planks":26,"stat.drop":96,"stat.useItem.tconstruct.slime_leaves":2,"stat.mineBlock.rustic.leaves_apple":48,"stat.useItem.tconstruct.seared":41,"stat.pickup.minecraft.slime_ball":14,"stat.drop.minecraft.blaze_rod":3,"stat.craftItem.minecraft.diamond_pickaxe":1,"stat.pickup.minecraft.golden_chestplate":2,"stat.craftItem.minecraft.clay":61,"stat.mineBlock.sky_orchards.leaves_cobalt":35,"stat.useItem.inspirations.stone_crook":2097,"stat.pickup.cyclicmagic.fluid_pump":8,"stat.pickup.rustic.wildberry_bush":1,"stat.craftItem.minecraft.piston":2,"stat.mineBlock.sky_orchards.leaves_bone":2,"stat.pickup.minecraft.gravel":3,"stat.pickup.sky_orchards.amber_lead":4,"stat.useItem.rustic.core_root":3,"stat.useItem.minecraft.diamond_axe":101,"stat.mineBlock.tconstruct.smeltery_controller":1,"stat.pickup.morecauldrons.cobble_cauldron":3,"stat.pickup.tconstruct.tool_rod":1,"stat.mineBlock.tconstruct.slime_dirt":1,"stat.useItem.minecraft.potion":2,"stat.craftItem.minecraft.brick_stairs":4,"stat.pickup.minecraft.diamond_sword":1,"stat.pickup.minecraft.brick":46,"stat.craftItem.tconstruct.rack":2,"stat.pickup.minecraft.fence":2,"stat.pickup.sky_orchards.sapling_redstone":1,"stat.craftItem.bonsaitrees.bonsaipot":5,"stat.useItem.minecraft.stone_axe":518,"stat.mineBlock.tconstruct.soil":2,"stat.craftItem.minecraft.bread":22,"stat.entityKilledBy.CaveSpider":1,"stat.killEntity.twilightforest.redcap_sapper":5,"stat.pickup.minecraft.spider_eye":14,"stat.pickup.farmingforblockheads.market":1,"stat.pickup.minecraft.iron_ore":8,"stat.pickup.tconstruct.slime_congealed":7,"stat.drop.inspirations.stone_crook":9,"stat.pickup.minecraft.leaves":2,"stat.mineBlock.tconstruct.tooltables":11,"stat.pickup.xlfoodmod.tomato_seeds":1,"stat.pickup.minecraft.leather":6,"stat.drop.tconstruct.cast":1,"stat.craftItem.industrialforegoing.plastic":7,"stat.pickup.matteroverdrive.dilithium_crystal":53,"stat.pickup.mysticalagriculture.crafting":23,"stat.pickup.minecraft.reeds":80,"stat.killEntity.CaveSpider":39,"stat.drop.tp.watering_can":1,"stat.pickup.tconstruct.materials":49,"stat.useItem.xlfoodmod.lettuce":4,"stat.damageDealt":69514,"stat.craftItem.minecraft.cauldron":1,"stat.pickup.twilightforest.twilight_log":81,"stat.sleepInBed":1,"stat.craftItem.chineseworkshop.oak_wall":66,"stat.craftItem.minecraft.gravel":85,"stat.pickup.sky_orchards.acorn_bone":1,"stat.craftItem.nuclearcraft.part":6,"stat.mineBlock.integrateddynamics.squeezer":1,"stat.pickup.twilightforest.naga_chestplate":2,"stat.walkOneCm":2619886,"stat.pickup.ceramics.clay_bucket":4,"stat.useItem.slabmachines.chest_slab":1,"stat.playerKills":6,"stat.pickup.minecraft.stick":137,"stat.mineBlock.matteroverdrive.dilithium_ore":26,"stat.mineBlock.compactstorage.compactchest":1,"stat.craftItem.inspirations.wooden_crook":5,"stat.pickup.sky_orchards.acorn_clay":131,"stat.pickup.rustic.apple_seeds":4,"stat.useItem.sky_orchards.amber_tin":1,"stat.craftItem.xlfoodmod.onion_rings":4,"stat.drop.tombstone.tablet_of_assistance":1,"stat.mineBlock.sky_orchards.log_gravel":148,"stat.craftItem.minecraft.diamond_boots":2,"stat.drop.telepastries.overworld_cake":1,"stat.pickup.sky_orchards.acorn_gravel":234,"stat.useItem.sky_orchards.acorn_bone":45,"stat.craftItem.nuclearcraft.manufactory_idle":1,"stat.pickup.minecraft.stone":50,"stat.killEntity.twilightforest.deer":4,"stat.craftItem.minecraft.redstone":63,"stat.pickup.sky_orchards.sapling_gravel":176,"stat.useItem.minecraft.cactus":3,"stat.craftItem.tp.watering_can":1,"stat.killEntity.Skeleton":64,"stat.drop.sky_orchards.sapling_dirt":1,"stat.craftItem.sky_orchards.amber_cottonwood":46,"stat.useItem.sky_orchards.acorn_clay":16,"stat.mineBlock.minecraft.redstone_torch":6,"stat.killEntity.Spider":6,"stat.mineBlock.minecraft.quartz_ore":3,"stat.mineBlock.inspirations.mulch":2,"stat.pickup.minecraft.quartz":2,"stat.craftItem.farmingforblockheads.market":1,"stat.pickup.twilightforest.transformation_powder":15,"stat.pickup.minecraft.water_bucket":1,"stat.mineBlock.minecraft.leaves":244,"stat.mineBlock.tconstruct.seared":2,"stat.mineBlock.minecraft.redstone_ore":2,"stat.mineBlock.tconstruct.casting":11,"stat.pickup.minecraft.lava_bucket":1,"stat.pickup.rustic.core_root":3,"stat.killEntity.twilightforest.wild_boar":5,"stat.pickup.chineseworkshop.thin_wall_w":19,"stat.craftItem.minecraft.brick":25,"stat.mineBlock.minecraft.stone":273,"stat.pickup.xlfoodmod.donut":113}