{
  "sf4:age_storage/compactstoragebackpack": {
    "criteria": {
      "Obtain Compact Storage Backpack": "2021-01-19 22:52:47 +0200"
    },
    "done": true
  },
  "tutorial:tutorial/oakplanks": {
    "criteria": {
      "Obtain Oak Wood Planks": "2021-01-18 19:15:14 +0200"
    },
    "done": false
  },
  "sf4:age1/complete": {
    "criteria": {
      "Completed OinkTree§r": "2021-01-18 21:11:03 +0200",
      "Completed Tin Man§r": "2021-01-18 19:22:41 +0200",
      "Completed Air Fryer§r": "2021-01-18 19:14:26 +0200",
      "Completed Silver Spoon§r": "2021-01-19 14:48:34 +0200",
      "Completed That\u0027s Dir-tree§r": "2021-01-18 17:44:46 +0200",
      "Completed Sticky Keys§r": "2021-01-18 17:48:01 +0200",
      "Completed You Cotton Be Kidding Me§r": "2021-01-18 19:15:50 +0200",
      "Completed Stone Crook§r": "2021-01-18 17:51:31 +0200",
      "Completed Water You Waiting For?§r": "2021-01-18 19:41:42 +0200",
      "Completed Silver Surfer§r": "2021-01-19 14:48:20 +0200",
      "Completed Break a Leg§r": "2021-01-18 19:15:40 +0200",
      "Completed This Tree is Forever§r": "2021-01-19 14:48:43 +0200",
      "Completed Blue Man Group§r": "2021-01-18 19:19:21 +0200",
      "Completed I Love Lucy§r": "2021-01-18 19:15:22 +0200",
      "Completed Hotbois§r": "2021-01-18 22:09:59 +0200",
      "Completed Palm Trees§r": "2021-01-18 18:33:00 +0200",
      "Completed Root": "2021-01-18 16:13:18 +0200",
      "Completed It\u0027s Tin This Pack§r": "2021-01-19 14:46:04 +0200",
      "Completed Nap Time§r": "2021-01-18 20:11:16 +0200",
      "Completed D\u0027OH!§r": "2021-01-19 14:49:30 +0200",
      "Completed Captain Hook§r": "2021-01-18 17:44:46 +0200",
      "Completed Trees to Diamonds§r": "2021-01-18 20:57:56 +0200",
      "Completed Cobble Cobble§r": "2021-01-18 19:05:51 +0200",
      "Completed Not a Helmet§r": "2021-01-18 19:41:53 +0200",
      "Completed Study in the Dark Arts§r": "2021-01-19 14:49:55 +0200",
      "Completed It\u0027s Electric§r": "2021-01-18 20:00:29 +0200",
      "Completed Dirty Dancing§r": "2021-01-18 19:14:47 +0200",
      "Completed Amber is the Color of my Dinosaur§r": "2021-01-18 18:49:40 +0200",
      "Completed SkyFactory 4§r": "2021-01-18 16:13:18 +0200",
      "Completed Don\u0027t Sieve on Me§r": "2021-01-18 17:54:57 +0200",
      "Completed Hog Tied§r": "2021-01-19 14:49:00 +0200",
      "Completed Lead Zeppelin§r": "2021-01-18 19:56:15 +0200",
      "Completed Lead it Go§r": "2021-01-18 19:55:16 +0200",
      "Completed Bubble, Bubble§r": "2021-01-19 14:45:48 +0200",
      "Completed One Shiny Boi§r": "2021-01-19 14:47:51 +0200",
      "Completed Money Grows on Trees§r": "2021-01-19 14:48:35 +0200",
      "Completed Slop in the Bucket§r": "2021-01-18 20:13:03 +0200",
      "Completed You Cotton Something?§r": "2021-01-18 19:49:12 +0200",
      "Completed On the Rocks§r": "2021-01-18 17:51:12 +0200",
      "Completed Starting from the Bottom§r": "2021-01-18 17:44:46 +0200",
      "Completed Oh, the Irony§r": "2021-01-18 19:21:28 +0200",
      "Completed COALateral Damage§r": "2021-01-18 21:55:11 +0200",
      "Completed Ironwood§r": "2021-01-18 19:47:01 +0200",
      "Completed Hardwood§r": "2021-01-18 17:44:58 +0200",
      "Completed Sixteen Tons§r": "2021-01-18 18:04:56 +0200",
      "Completed Eating Dirt§r": "2021-01-19 14:45:32 +0200",
      "Completed Stop Slabbing Yourself§r": "2021-01-19 14:38:51 +0200",
      "Completed Clay Aiken§r": "2021-01-18 17:48:16 +0200",
      "Completed I\u0027ve Been Slimed§r": "2021-01-18 21:11:39 +0200",
      "Completed I Don\u0027t Know§r": "2021-01-19 14:46:24 +0200"
    },
    "done": false
  },
  "sf4:age1/sapling/bacon": {
    "criteria": {
      "Completed Root": "2021-01-18 16:13:18 +0200",
      "Obtain Bacon Sapling": "2021-01-18 21:11:03 +0200"
    },
    "done": true
  },
  "twilightforest:alt/treasures/trophies": {
    "criteria": {
      "1": "2021-01-19 13:31:19 +0200"
    },
    "done": true
  },
  "sf4:age1/nonpacifist": {
    "criteria": {
      "superflat2": "2021-01-18 16:13:18 +0200",
      "superflat32": "2021-01-18 16:13:18 +0200",
      "Completed Root": "2021-01-18 16:13:18 +0200"
    },
    "done": true
  },
  "sf4:age1/sapling/redstone": {
    "criteria": {
      "Completed Root": "2021-01-18 16:13:18 +0200",
      "Obtain Redstone Sapling": "2021-01-18 20:00:29 +0200"
    },
    "done": true
  },
  "twilightforest:progress_naga": {
    "criteria": {
      "kill_mob": "2021-01-18 21:58:29 +0200",
      "scale": "2021-01-19 13:31:19 +0200"
    },
    "done": true
  },
  "sf4:age_enhancement/cast": {
    "criteria": {
      "Obtain Metal Pickaxe Head Cast": "2021-01-19 18:46:24 +0200"
    },
    "done": true
  },
  "tutorial:tutorial/copied/sandsapling": {
    "criteria": {
      "Obtain Sand Sapling": "2021-01-18 18:33:00 +0200"
    },
    "done": false
  },
  "sf4:age_storage/bdsandmmetalcrate": {
    "criteria": {
      "Obtain Metal Crate": "2021-01-19 23:22:04 +0200"
    },
    "done": true
  },
  "sf4:age1/slabs": {
    "criteria": {
      "Obtain Chest Slab": "2021-01-19 14:38:51 +0200",
      "Completed Root": "2021-01-18 16:13:18 +0200"
    },
    "done": true
  },
  "sf4:age_farming/wateringcan": {
    "criteria": {
      "Obtain Watering Can": "2021-01-18 19:44:46 +0200"
    },
    "done": true
  },
  "sf4:age1/lavasource": {
    "criteria": {
      "Completed SkyFactory 4§r": "2021-01-18 16:13:18 +0200",
      "Completed Root": "2021-01-18 16:13:18 +0200"
    },
    "done": false
  },
  "sf4:age_exploration/nether": {
    "criteria": {
      "Entered Nether": "2021-01-18 22:26:30 +0200"
    },
    "done": true
  },
  "tutorial:tutorial/copied/resourcehogs": {
    "criteria": {
      "Obtain Cobblestone Mud": "2021-01-19 14:49:00 +0200"
    },
    "done": false
  },
  "sf4:age_storage/bdsandmwoodencrate": {
    "criteria": {
      "Obtain Wood Crate": "2021-01-19 23:18:26 +0200"
    },
    "done": true
  },
  "hardcore:hardcore/forgivingvoid": {
    "criteria": {
      "Completed Age of Exploration§r": "2021-01-18 16:13:18 +0200"
    },
    "done": false
  },
  "sf4:age_enhancement/completenoprestige": {
    "criteria": {
      "Prestige Mode Disabled": "2021-01-18 16:13:18 +0200",
      "Completed Better With Mods§r": "2021-01-19 23:28:42 +0200",
      "Completed Tim the Tool Man Taylor§r": "2021-01-19 18:42:40 +0200",
      "Completed Pattern Me, Sir§r": "2021-01-19 22:18:01 +0200",
      "Completed Forging Ahead§r": "2021-01-19 23:03:49 +0200",
      "Completed Keep It Between the Lines§r": "2021-01-19 18:30:14 +0200",
      "Completed Rolling into the Station§r": "2021-01-19 18:41:38 +0200",
      "Completed Ding!§r": "2021-01-20 13:15:45 +0200",
      "Completed It\u0027s Over 20!§r": "2021-01-20 13:18:04 +0200",
      "Completed Age of Enhancement§r": "2021-01-18 16:13:18 +0200",
      "Completed Ore\u0027nt You Glad I Didn\u0027t Say Banana§r": "2021-01-19 20:34:27 +0200",
      "Completed Sign My Cast§r": "2021-01-19 18:46:24 +0200"
    },
    "done": false
  },
  "tutorial:tutorial/copied/goldsapling": {
    "criteria": {
      "Obtain Gold Sapling": "2021-01-19 14:48:35 +0200"
    },
    "done": false
  },
  "tutorial:tutorial/copied/slabs": {
    "criteria": {
      "Obtain Chest Slab": "2021-01-19 14:38:51 +0200"
    },
    "done": false
  },
  "twilightforest:alt/major_landmarks/large_hollow_hill": {
    "criteria": {
      "discover": "2021-01-18 21:52:54 +0200"
    },
    "done": true
  },
  "twilightforest:alt/entities/goblins": {
    "criteria": {
      "0": "2021-01-18 21:59:34 +0200"
    },
    "done": true
  },
  "twilightforest:alt/biomes/general_biomes": {
    "criteria": {
      "1": "2021-01-18 21:38:29 +0200"
    },
    "done": true
  },
  "sf4:age1/cauldron": {
    "criteria": {
      "Completed Root": "2021-01-18 16:13:18 +0200",
      "Obtain a Cauldron": "2021-01-19 14:45:48 +0200"
    },
    "done": true
  },
  "sf4:age1/cobblestone_generator": {
    "criteria": {
      "Completed Root": "2021-01-18 16:13:18 +0200",
      "Open Chest Filled with Cobblestone": "2021-01-18 19:05:51 +0200"
    },
    "done": true
  },
  "twilightforest:alt/entities/redcap": {
    "criteria": {
      "hurt": "2021-01-18 21:59:34 +0200"
    },
    "done": true
  },
  "tutorial:tutorial/copied/cobblestone": {
    "criteria": {
      "Obtain Cobblestone Block": "2021-01-18 17:51:12 +0200"
    },
    "done": false
  },
  "sf4:age1/crushing_tub": {
    "criteria": {
      "Obtain Crushing Tub": "2021-01-18 19:15:22 +0200",
      "Completed Root": "2021-01-18 16:13:18 +0200"
    },
    "done": true
  },
  "sf4:age1/prestige_notify": {
    "criteria": {
      "Completed Root": "2021-01-18 16:13:18 +0200"
    },
    "done": false
  },
  "tutorial:tutorial/petrifiedacorn": {
    "criteria": {
      "Obtain Oak Wood Planks": "2021-01-18 17:44:58 +0200"
    },
    "done": false
  },
  "tutorial:tutorial/woodencrook": {
    "criteria": {
      "Obtain a Wooden Crook": "2021-01-18 17:44:46 +0200"
    },
    "done": false
  },
  "sf4:age1/sapling/donut": {
    "criteria": {
      "Completed Root": "2021-01-18 16:13:18 +0200",
      "Obtain Donut Sapling": "2021-01-19 14:49:30 +0200"
    },
    "done": true
  },
  "tutorial:tutorial/copied/ironsapling": {
    "criteria": {
      "Obtain Iron Sapling": "2021-01-18 19:47:01 +0200"
    },
    "done": false
  },
  "sf4:age_farming/fertilesoil": {
    "criteria": {
      "Obtain Fertile Soil": "2021-01-18 20:02:24 +0200"
    },
    "done": true
  },
  "sf4:age_power/completenoprestige": {
    "criteria": {
      "Prestige Mode Disabled": "2021-01-18 16:13:18 +0200",
      "Completed Age of Power§r": "2021-01-18 16:13:18 +0200"
    },
    "done": false
  },
  "sf4:age1/sapling/clay": {
    "criteria": {
      "Completed Root": "2021-01-18 16:13:18 +0200",
      "Obtain a Clay Sapling": "2021-01-18 17:48:16 +0200"
    },
    "done": true
  },
  "sf4:age1/cobblestone": {
    "criteria": {
      "Completed Root": "2021-01-18 16:13:18 +0200",
      "Obtain Cobblestone Block": "2021-01-18 17:51:12 +0200"
    },
    "done": true
  },
  "sf4:age1/sapling/gold": {
    "criteria": {
      "Completed Root": "2021-01-18 16:13:18 +0200",
      "Obtain Gold Sapling": "2021-01-19 14:48:35 +0200"
    },
    "done": true
  },
  "twilightforest:arborist": {
    "criteria": {
      "twilight_oak_planks": "2021-01-19 13:58:56 +0200",
      "twilight_oak_log": "2021-01-18 22:14:58 +0200"
    },
    "done": false
  },
  "sf4:age_farming/hoppingbonsai": {
    "criteria": {
      "Obtain Bonsai Pot": "2021-01-18 19:25:56 +0200"
    },
    "done": true
  },
  "sf4:age_farming/sugarcaneseed": {
    "criteria": {
      "Obtain Sugar Cane Seeds": "2021-01-18 20:59:40 +0200"
    },
    "done": true
  },
  "twilightforest:alt/entities/swarm_spider": {
    "criteria": {
      "hurt_by_indirect": "2021-01-19 21:37:06 +0200"
    },
    "done": true
  },
  "tutorial:tutorial/dryingrack": {
    "criteria": {
      "Obtain Oak Wood Planks": "2021-01-18 19:14:26 +0200"
    },
    "done": false
  },
  "sf4:age1/acorn/dirt": {
    "criteria": {
      "Obtain Dirt Acorn": "2021-01-18 17:44:46 +0200",
      "Completed Root": "2021-01-18 16:13:18 +0200"
    },
    "done": true
  },
  "twilightforest:alt/compat/tconstruct": {
    "criteria": {
      "pattern": "2021-01-19 18:30:05 +0200"
    },
    "done": true
  },
  "sf4:age_storage/compactstoragechest": {
    "criteria": {
      "Obtain Compact Storage Chest": "2021-01-18 21:01:03 +0200"
    },
    "done": true
  },
  "sf4:age_allthethingsomglol/complete": {
    "criteria": {
      "Completed Age of ALLTHETHINGSOMGLOL§r": "2021-01-18 16:13:18 +0200"
    },
    "done": false
  },
  "tutorial:tutorial/oakwood": {
    "criteria": {
      "Obtain Oak Wood": "2021-01-18 17:44:46 +0200"
    },
    "done": false
  },
  "sf4:age_enhancement/root": {
    "criteria": {
      "inventoryChange": "2021-01-18 16:13:18 +0200"
    },
    "done": true
  },
  "twilightforest:alt/treasures/scepters": {
    "criteria": {
      "3": "2021-01-19 21:47:13 +0200"
    },
    "done": true
  },
  "sf4:age_exploration/overworldcake": {
    "criteria": {
      "Obtain Overworld Cake": "2021-01-18 21:23:08 +0200"
    },
    "done": true
  },
  "sf4:age_exploration/complete": {
    "criteria": {
      "Completed Age of Exploration§r": "2021-01-18 16:13:18 +0200",
      "Completed No Cake Like Home§r": "2021-01-18 21:23:08 +0200",
      "Completed Nether Here Nor There§r": "2021-01-18 22:26:30 +0200",
      "Completed You\u0027re Boron Me§r": "2021-01-18 21:58:46 +0200",
      "Completed You\u0027re Tritanium to Bring Me Down§r": "2021-01-18 21:55:53 +0200",
      "Completed Smells Like Nirvana§r": "2021-01-19 14:24:54 +0200",
      "Completed Even Scotty Doesn\u0027t Know§r": "2021-01-18 21:58:48 +0200",
      "Completed Uranium Fever§r": "2021-01-19 13:35:22 +0200",
      "Completed Thorium\u0027s Hammer§r": "2021-01-19 13:45:00 +0200"
    },
    "done": false
  },
  "sf4:age1/sapling/dirt": {
    "criteria": {
      "Obtain Dirt Sapling": "2021-01-18 17:44:46 +0200",
      "Completed Root": "2021-01-18 16:13:18 +0200"
    },
    "done": true
  },
  "sf4:age1/resourcehogs": {
    "criteria": {
      "Completed Root": "2021-01-18 16:13:18 +0200",
      "Obtain Cobblestone Mud": "2021-01-19 14:49:00 +0200"
    },
    "done": true
  },
  "sf4:age_exploration/arditeore": {
    "criteria": {
      "Obtain Ardite Ore": "2021-01-19 19:05:31 +0200"
    },
    "done": true
  },
  "sf4:age1/green_slimy_dirt": {
    "criteria": {
      "Completed Root": "2021-01-18 16:13:18 +0200",
      "Obtain Green Slime Dirt": "2021-01-18 21:11:39 +0200"
    },
    "done": true
  },
  "sf4:age_storage/hopper": {
    "criteria": {
      "Obtain Hopper": "2021-01-18 19:24:13 +0200"
    },
    "done": true
  },
  "sf4:age_enhancement/tank": {
    "criteria": {
      "Obtain Tank": "2021-01-19 20:34:27 +0200"
    },
    "done": true
  },
  "sf4:age1/iron_bucket": {
    "criteria": {
      "Completed Root": "2021-01-18 16:13:18 +0200",
      "Obtain Iron Bucket": "2021-01-18 19:41:53 +0200"
    },
    "done": true
  },
  "twilightforest:alt/entities/fire_beetle": {
    "criteria": {
      "hurt": "2021-01-19 13:30:26 +0200"
    },
    "done": true
  },
  "sf4:age_enhancement/toolstation": {
    "criteria": {
      "Obtain Tool Station": "2021-01-19 18:41:38 +0200"
    },
    "done": true
  },
  "sf4:age1/amber/lead": {
    "criteria": {
      "Completed Root": "2021-01-18 16:13:18 +0200",
      "Obtain Lead Amber": "2021-01-18 19:55:16 +0200"
    },
    "done": true
  },
  "sf4:age_farming/brownmulch": {
    "criteria": {
      "Obtain Brown Mulch": "2021-01-18 20:15:08 +0200"
    },
    "done": true
  },
  "twilightforest:alt/entities/animals": {
    "criteria": {
      "0": "2021-01-18 22:16:22 +0200"
    },
    "done": true
  },
  "tutorial:tutorial/copied/sleep": {
    "criteria": {
      "Slept in a bed": "2021-01-19 18:38:04 +0200"
    },
    "done": false
  },
  "twilightforest:progress_trophy_pedestal": {
    "criteria": {
      "kill_lich": "2021-01-19 21:47:12 +0200"
    },
    "done": false
  },
  "tutorial:tutorial/dirtsapling": {
    "criteria": {
      "Obtain a Dirt Sapling": "2021-01-18 17:44:46 +0200"
    },
    "done": false
  },
  "tutorial:tutorial/copied/crushingtub": {
    "criteria": {
      "Obtain Crushing Tub": "2021-01-18 19:15:22 +0200"
    },
    "done": false
  },
  "tutorial:tutorial/copied/water": {
    "criteria": {
      "Obtain Water in an Iron Bucket": "2021-01-18 19:41:42 +0200",
      "Obtain Water in a Clay Bucket": "2021-01-18 20:13:03 +0200"
    },
    "done": false
  },
  "sf4:age1/sapling/lapis": {
    "criteria": {
      "Completed Root": "2021-01-18 16:13:18 +0200",
      "Obtain Lapis Sapling": "2021-01-18 19:19:21 +0200"
    },
    "done": true
  },
  "sf4:age1/coal": {
    "criteria": {
      "Completed Root": "2021-01-18 16:13:18 +0200",
      "Obtain Coal": "2021-01-18 21:55:11 +0200"
    },
    "done": true
  },
  "tutorial:tutorial/copied/iron": {
    "criteria": {
      "Obtain Iron Amber": "2021-01-18 18:49:40 +0200"
    },
    "done": false
  },
  "sf4:age_enhancement/levelup": {
    "criteria": {
      "Level Up Tinkers\u0027 Pickaxe": "2021-01-20 13:15:45 +0200"
    },
    "done": true
  },
  "sf4:age_exploration/root": {
    "criteria": {
      "inventoryChange": "2021-01-18 16:13:18 +0200"
    },
    "done": true
  },
  "sf4:age_storage/root": {
    "criteria": {
      "inventoryChange": "2021-01-18 16:13:18 +0200"
    },
    "done": true
  },
  "sf4:age1/diamond": {
    "criteria": {
      "Obtain Diamond": "2021-01-18 20:57:56 +0200",
      "Completed Root": "2021-01-18 16:13:18 +0200"
    },
    "done": true
  },
  "sf4:age1/obsidian": {
    "criteria": {
      "Completed Root": "2021-01-18 16:13:18 +0200",
      "Obtain Obsidian": "2021-01-19 14:49:55 +0200"
    },
    "done": true
  },
  "tutorial:tutorial/copied/lava": {
    "criteria": {
      "Obtain Lava Iron Bucket": "2021-01-18 22:09:59 +0200"
    },
    "done": false
  },
  "sf4:age1/dirt": {
    "criteria": {
      "Completed Root": "2021-01-18 16:13:18 +0200",
      "Craft Dirt Block": "2021-01-18 19:14:47 +0200"
    },
    "done": true
  },
  "sf4:age1/sapling/coal": {
    "criteria": {
      "Completed Root": "2021-01-18 16:13:18 +0200",
      "Obtain Coal Sapling": "2021-01-18 18:04:56 +0200"
    },
    "done": true
  },
  "twilightforest:alt/treasures/ironwood_tool_set": {
    "criteria": {
      "pickaxe": "2021-01-19 14:19:18 +0200"
    },
    "done": true
  },
  "sf4:age_enhancement/20damage": {
    "criteria": {
      "Deal 20 or More Damage": "2021-01-20 13:18:04 +0200"
    },
    "done": true
  },
  "sf4:age_exploration/twilightforest": {
    "criteria": {
      "Entered Twilight Forest Dimension": "2021-01-18 21:38:29 +0200"
    },
    "done": true
  },
  "sf4:age1/acorn/dirt_cooked": {
    "criteria": {
      "Completed Root": "2021-01-18 16:13:18 +0200",
      "Obtain Cooked Dirt Acorn": "2021-01-19 14:45:32 +0200"
    },
    "done": true
  },
  "sf4:age1/twerk": {
    "criteria": {
      "Completed Root": "2021-01-18 16:13:18 +0200",
      "Obtain 8 Dirt Saplings": "2021-01-18 17:44:46 +0200",
      "Obtain 8 Oak Logs": "2021-01-18 17:48:01 +0200"
    },
    "done": true
  },
  "twilightforest:alt/entities/death_tome": {
    "criteria": {
      "hurt_by_indirect": "2021-01-19 21:33:17 +0200"
    },
    "done": true
  },
  "tutorial:tutorial/copied/diamondsapling": {
    "criteria": {
      "Obtain Diamond Sapling": "2021-01-19 14:48:43 +0200"
    },
    "done": false
  },
  "tutorial:tutorial/copied/string": {
    "criteria": {
      "Obtain Cottonwood Sapling": "2021-01-18 19:15:50 +0200",
      "Obtain String": "2021-01-18 19:49:12 +0200"
    },
    "done": false
  },
  "twilightforest:naga_armors": {
    "criteria": {
      "armor": "2021-01-19 22:07:56 +0200"
    },
    "done": true
  },
  "twilightforest:alt/entities/bighorn_sheep": {
    "criteria": {
      "hurt": "2021-01-18 22:16:22 +0200"
    },
    "done": true
  },
  "twilightforest:alt/treasures/naga_armor_set": {
    "criteria": {
      "ingredient": "2021-01-19 13:31:19 +0200"
    },
    "done": true
  },
  "sf4:age_farming/market": {
    "criteria": {
      "Obtain Market": "2021-01-18 19:51:54 +0200"
    },
    "done": true
  },
  "twilightforest:root": {
    "criteria": {
      "in_tf": "2021-01-18 21:38:29 +0200"
    },
    "done": true
  },
  "sf4:age1/clay_bucket": {
    "criteria": {
      "Completed Root": "2021-01-18 16:13:18 +0200",
      "Obtain Clay Bucket": "2021-01-18 20:13:03 +0200"
    },
    "done": true
  },
  "sf4:age_exploration/dragonkill": {
    "criteria": {
      "Enter Custom End Dimension": "2021-01-18 21:38:28 +0200"
    },
    "done": false
  },
  "twilightforest:alt/treasures/ironwood_armor_set": {
    "criteria": {
      "boots": "2021-01-19 13:45:37 +0200"
    },
    "done": true
  },
  "sf4:age_farming/complete": {
    "criteria": {
      "Completed Sugar Daddy§r": "2021-01-19 14:51:56 +0200",
      "Completed Bonsai!!!§r": "2021-01-18 18:04:56 +0200",
      "Completed Citizen Cane§r": "2021-01-18 20:59:40 +0200",
      "Completed Shredded Wheat§r": "2021-01-18 19:49:37 +0200",
      "Completed Age of Farming§r": "2021-01-18 16:13:18 +0200",
      "Completed Yes We Can!§r": "2021-01-18 19:44:46 +0200",
      "Completed This Little Piggy§r": "2021-01-18 19:51:54 +0200"
    },
    "done": false
  },
  "sf4:age_exploration/uraniumore": {
    "criteria": {
      "Obtain Uranium Ore": "2021-01-19 13:35:22 +0200"
    },
    "done": true
  },
  "tutorial:tutorial/copied/ironingot": {
    "criteria": {
      "Obtain Iron Ingot": "2021-01-18 19:21:28 +0200"
    },
    "done": false
  },
  "tutorial:tutorial/copied/ironbucket": {
    "criteria": {
      "Obtain Iron Bucket": "2021-01-18 19:41:53 +0200"
    },
    "done": false
  },
  "twilightforest:twilight_hunter": {
    "criteria": {
      "wraith": "2021-01-18 21:58:29 +0200"
    },
    "done": true
  },
  "sf4:age1/drying_rack": {
    "criteria": {
      "Completed Root": "2021-01-18 16:13:18 +0200",
      "Obtain Drying Rack": "2021-01-18 19:14:26 +0200"
    },
    "done": true
  },
  "sf4:age_allthethingsomglol/complete_no_prestige": {
    "criteria": {
      "Prestige Mode Disabled": "2021-01-18 16:13:18 +0200",
      "Completed Age of ALLTHETHINGSOMGLOL§r": "2021-01-18 16:13:18 +0200"
    },
    "done": false
  },
  "sf4:age1/sapling": {
    "criteria": {
      "Completed SkyFactory 4§r": "2021-01-18 16:13:18 +0200",
      "Completed Root": "2021-01-18 16:13:18 +0200",
      "Has Sapling": "2021-01-18 17:44:46 +0200"
    },
    "done": false
  },
  "sf4:age_enhancement/toolforge": {
    "criteria": {
      "Obtain Tool Forge": "2021-01-19 23:03:49 +0200"
    },
    "done": true
  },
  "sf4:age1/sapling/cottonwood": {
    "criteria": {
      "Completed Root": "2021-01-18 16:13:18 +0200",
      "Obtain Cottonwood Sapling": "2021-01-18 19:15:50 +0200"
    },
    "done": true
  },
  "twilightforest:alt/entities/bunny": {
    "criteria": {
      "slay": "2021-01-19 14:09:38 +0200"
    },
    "done": true
  },
  "tutorial:tutorial/copied/greenslimydirt": {
    "criteria": {
      "Obtain Green Slime Dirt": "2021-01-18 21:11:39 +0200"
    },
    "done": false
  },
  "twilightforest:alt/entities/redcap_sapper": {
    "criteria": {
      "hurt": "2021-01-19 13:30:47 +0200"
    },
    "done": true
  },
  "sf4:age_exploration/cobaltore": {
    "criteria": {
      "Obtain Cobalt Ore": "2021-01-19 19:04:36 +0200"
    },
    "done": true
  },
  "sf4:age1/sapling/slime": {
    "criteria": {
      "Completed Root": "2021-01-18 16:13:18 +0200",
      "Obtain Blue Slime Sapling": "2021-01-19 14:46:24 +0200"
    },
    "done": true
  },
  "sf4:age1/string": {
    "criteria": {
      "Completed Root": "2021-01-18 16:13:18 +0200",
      "Obtain Cottonwood Sapling": "2021-01-18 19:15:50 +0200",
      "Obtain String": "2021-01-18 19:49:12 +0200"
    },
    "done": true
  },
  "compactmachines:test/7x7x7": {
    "criteria": {
      "Obtain Netherrack": "2021-01-18 22:26:50 +0200"
    },
    "done": false
  },
  "sf4:age_enhancement/stenciltable": {
    "criteria": {
      "Obtain Tinkers\u0027 Stencil Table": "2021-01-19 18:30:14 +0200"
    },
    "done": true
  },
  "sf4:age_storage/complete_no_prestige": {
    "criteria": {
      "Prestige Mode Disabled": "2021-01-18 16:13:18 +0200",
      "Completed Whopper!§r": "2021-01-18 21:37:53 +0200",
      "Completed I Like Big Box and I Cannot Lie§r": "2021-01-18 21:01:03 +0200",
      "Completed Baby Got Backpack§r": "2021-01-19 22:52:47 +0200",
      "Completed Wood You Hand Me That Crate Please?§r": "2021-01-19 23:18:26 +0200",
      "Completed Age of Storage§r": "2021-01-18 16:13:18 +0200",
      "Completed Metallicrate§r": "2021-01-19 23:22:04 +0200",
      "Completed Hop to It§r": "2021-01-18 19:24:13 +0200",
      "Completed ɹǝddoH§r": "2021-01-18 21:03:28 +0200"
    },
    "done": false
  },
  "sf4:age1/sapling/petrified": {
    "criteria": {
      "Completed Root": "2021-01-18 16:13:18 +0200",
      "Obtain Petrified Sapling": "2021-01-18 17:44:58 +0200"
    },
    "done": true
  },
  "twilightforest:alt/entities/undead": {
    "criteria": {
      "1": "2021-01-18 21:57:58 +0200"
    },
    "done": true
  },
  "sf4:age1/sapling/tin": {
    "criteria": {
      "Completed Root": "2021-01-18 16:13:18 +0200",
      "Obtain Tin Sapling": "2021-01-19 14:46:04 +0200"
    },
    "done": true
  },
  "sf4:age_exploration/tritaniumore": {
    "criteria": {
      "Obtain Ice Tritanium Ore": "2021-01-18 21:55:53 +0200"
    },
    "done": true
  },
  "sf4:age1/wooden_crook": {
    "criteria": {
      "Completed Root": "2021-01-18 16:13:18 +0200",
      "Obtain Wooden Crook": "2021-01-18 17:44:46 +0200"
    },
    "done": true
  },
  "sf4:age_farming/bonsai": {
    "criteria": {
      "Obtain Bonsai Pot": "2021-01-18 18:04:56 +0200"
    },
    "done": true
  },
  "twilightforest:alt/treasures/shield_scepter": {
    "criteria": {
      "scepter": "2021-01-19 21:47:13 +0200"
    },
    "done": true
  },
  "pacifist:pacifist_run/root": {
    "criteria": {
      "hasRock": "2021-01-18 16:13:18 +0200"
    },
    "done": false
  },
  "twilightforest:alt/treasures/foods/vension": {
    "criteria": {
      "raw": "2021-01-18 22:16:40 +0200"
    },
    "done": true
  },
  "sf4:age_storage/complete": {
    "criteria": {
      "Completed Whopper!§r": "2021-01-18 21:37:53 +0200",
      "Completed I Like Big Box and I Cannot Lie§r": "2021-01-18 21:01:03 +0200",
      "Completed Baby Got Backpack§r": "2021-01-19 22:52:47 +0200",
      "Completed Wood You Hand Me That Crate Please?§r": "2021-01-19 23:18:26 +0200",
      "Completed Age of Storage§r": "2021-01-18 16:13:18 +0200",
      "Completed Metallicrate§r": "2021-01-19 23:22:04 +0200",
      "Completed Hop to It§r": "2021-01-18 19:24:13 +0200",
      "Completed ɹǝddoH§r": "2021-01-18 21:03:28 +0200"
    },
    "done": false
  },
  "tutorial:tutorial/copied/slimesapling": {
    "criteria": {
      "Obtain Blue Slime Sapling": "2021-01-19 14:46:24 +0200"
    },
    "done": false
  },
  "tutorial:tutorial/craftingstation": {
    "criteria": {
      "Obtain a Crafting Station": "2021-01-19 18:30:14 +0200"
    },
    "done": false
  },
  "sf4:age_farming/wheatseeds": {
    "criteria": {
      "Obtain Wheat Seeds": "2021-01-18 19:49:37 +0200"
    },
    "done": true
  },
  "tutorial:tutorial/copied/gold": {
    "criteria": {
      "Obtain Gold Amber": "2021-01-19 14:47:51 +0200"
    },
    "done": false
  },
  "tutorial:tutorial/copied/petrifiedsapling": {
    "criteria": {
      "Obtain Petrified Sapling": "2021-01-18 17:44:58 +0200"
    },
    "done": false
  },
  "twilightforest:alt/entities/wraith": {
    "criteria": {
      "hurt_by_indirect": "2021-01-18 21:57:58 +0200"
    },
    "done": true
  },
  "twilightforest:alt/entities/lich": {
    "criteria": {
      "hurt_by_indirect": "2021-01-19 21:42:13 +0200"
    },
    "done": true
  },
  "sf4:age_storage/upper": {
    "criteria": {
      "Obtain Upper": "2021-01-18 21:03:28 +0200"
    },
    "done": true
  },
  "tutorial:tutorial/copied/watercollection": {
    "criteria": {
      "Right Click Cauldron with Water Inside": "2021-01-18 19:43:40 +0200"
    },
    "done": false
  },
  "sf4:age1/completenoprestige": {
    "criteria": {
      "Completed OinkTree§r": "2021-01-18 21:11:03 +0200",
      "Completed Tin Man§r": "2021-01-18 19:22:41 +0200",
      "Completed Air Fryer§r": "2021-01-18 19:14:26 +0200",
      "Completed Silver Spoon§r": "2021-01-19 14:48:34 +0200",
      "Prestige Mode Disabled": "2021-01-18 16:13:18 +0200",
      "Completed That\u0027s Dir-tree§r": "2021-01-18 17:44:46 +0200",
      "Completed Sticky Keys§r": "2021-01-18 17:48:01 +0200",
      "Completed You Cotton Be Kidding Me§r": "2021-01-18 19:15:50 +0200",
      "Completed Stone Crook§r": "2021-01-18 17:51:31 +0200",
      "Completed Water You Waiting For?§r": "2021-01-18 19:41:42 +0200",
      "Completed Silver Surfer§r": "2021-01-19 14:48:20 +0200",
      "Completed Break a Leg§r": "2021-01-18 19:15:40 +0200",
      "Completed This Tree is Forever§r": "2021-01-19 14:48:43 +0200",
      "Completed Blue Man Group§r": "2021-01-18 19:19:21 +0200",
      "Completed I Love Lucy§r": "2021-01-18 19:15:22 +0200",
      "Completed Hotbois§r": "2021-01-18 22:09:59 +0200",
      "Completed Palm Trees§r": "2021-01-18 18:33:00 +0200",
      "Completed Root": "2021-01-18 16:13:18 +0200",
      "Completed It\u0027s Tin This Pack§r": "2021-01-19 14:46:04 +0200",
      "Completed Nap Time§r": "2021-01-18 20:11:16 +0200",
      "Completed D\u0027OH!§r": "2021-01-19 14:49:30 +0200",
      "Completed Captain Hook§r": "2021-01-18 17:44:46 +0200",
      "Completed Trees to Diamonds§r": "2021-01-18 20:57:56 +0200",
      "Completed Cobble Cobble§r": "2021-01-18 19:05:51 +0200",
      "Completed Not a Helmet§r": "2021-01-18 19:41:53 +0200",
      "Completed Study in the Dark Arts§r": "2021-01-19 14:49:55 +0200",
      "Completed It\u0027s Electric§r": "2021-01-18 20:00:29 +0200",
      "Completed Dirty Dancing§r": "2021-01-18 19:14:47 +0200",
      "Completed Amber is the Color of my Dinosaur§r": "2021-01-18 18:49:40 +0200",
      "Completed SkyFactory 4§r": "2021-01-18 16:13:18 +0200",
      "Completed Don\u0027t Sieve on Me§r": "2021-01-18 17:54:57 +0200",
      "Completed Hog Tied§r": "2021-01-19 14:49:00 +0200",
      "Completed Lead Zeppelin§r": "2021-01-18 19:56:15 +0200",
      "Completed Lead it Go§r": "2021-01-18 19:55:16 +0200",
      "Completed Bubble, Bubble§r": "2021-01-19 14:45:48 +0200",
      "Completed One Shiny Boi§r": "2021-01-19 14:47:51 +0200",
      "Completed Money Grows on Trees§r": "2021-01-19 14:48:35 +0200",
      "Completed Slop in the Bucket§r": "2021-01-18 20:13:03 +0200",
      "Completed You Cotton Something?§r": "2021-01-18 19:49:12 +0200",
      "Completed On the Rocks§r": "2021-01-18 17:51:12 +0200",
      "Completed Starting from the Bottom§r": "2021-01-18 17:44:46 +0200",
      "Completed Oh, the Irony§r": "2021-01-18 19:21:28 +0200",
      "Completed COALateral Damage§r": "2021-01-18 21:55:11 +0200",
      "Completed Ironwood§r": "2021-01-18 19:47:01 +0200",
      "Completed Hardwood§r": "2021-01-18 17:44:58 +0200",
      "Completed Sixteen Tons§r": "2021-01-18 18:04:56 +0200",
      "Completed Eating Dirt§r": "2021-01-19 14:45:32 +0200",
      "Completed Stop Slabbing Yourself§r": "2021-01-19 14:38:51 +0200",
      "Completed Clay Aiken§r": "2021-01-18 17:48:16 +0200",
      "Completed I\u0027ve Been Slimed§r": "2021-01-18 21:11:39 +0200",
      "Completed I Don\u0027t Know§r": "2021-01-19 14:46:24 +0200"
    },
    "done": true
  },
  "sf4:age_farming/root": {
    "criteria": {
      "inventoryChange": "2021-01-18 16:13:18 +0200"
    },
    "done": true
  },
  "sf4:age_exploration/completenoprestige": {
    "criteria": {
      "Completed Age of Exploration§r": "2021-01-18 16:13:18 +0200",
      "Completed No Cake Like Home§r": "2021-01-18 21:23:08 +0200",
      "Completed Nether Here Nor There§r": "2021-01-18 22:26:30 +0200",
      "Prestige Mode Disabled": "2021-01-18 16:13:18 +0200",
      "Completed You\u0027re Boron Me§r": "2021-01-18 21:58:46 +0200",
      "Completed You\u0027re Tritanium to Bring Me Down§r": "2021-01-18 21:55:53 +0200",
      "Completed Enter the Twilight§r": "2021-01-18 21:38:29 +0200",
      "Completed Smells Like Nirvana§r": "2021-01-19 14:24:54 +0200",
      "Completed Even Scotty Doesn\u0027t Know§r": "2021-01-18 21:58:48 +0200",
      "Completed Uranium Fever§r": "2021-01-19 13:35:22 +0200",
      "Completed Thorium\u0027s Hammer§r": "2021-01-19 13:45:00 +0200"
    },
    "done": false
  },
  "sf4:age_power/root": {
    "criteria": {
      "inventoryChange": "2021-01-18 16:13:18 +0200"
    },
    "done": true
  },
  "tutorial:tutorial/copied/claysapling": {
    "criteria": {
      "Obtain a Clay Sapling": "2021-01-18 17:48:16 +0200"
    },
    "done": false
  },
  "tutorial:tutorial/copied/obsidian": {
    "criteria": {
      "Obtain Obsidian": "2021-01-19 14:49:55 +0200"
    },
    "done": false
  },
  "twilightforest:alt/entities/squirrel": {
    "criteria": {
      "slay": "2021-01-19 14:09:35 +0200"
    },
    "done": true
  },
  "sf4:age_enhancement/patternchest": {
    "criteria": {
      "Obtain Pattern Chest": "2021-01-19 22:18:01 +0200"
    },
    "done": true
  },
  "sf4:age1/sleep": {
    "criteria": {
      "Completed Root": "2021-01-18 16:13:18 +0200",
      "Right Click on Bed": "2021-01-18 20:11:16 +0200"
    },
    "done": true
  },
  "sf4:age1/sapling/lead": {
    "criteria": {
      "Completed Root": "2021-01-18 16:13:18 +0200",
      "Obtain Lead Sapling": "2021-01-18 19:56:15 +0200"
    },
    "done": true
  },
  "sf4:age1/sapling/diamond": {
    "criteria": {
      "Completed Root": "2021-01-18 16:13:18 +0200",
      "Obtain Diamond Sapling": "2021-01-19 14:48:43 +0200"
    },
    "done": true
  },
  "sf4:age1/watersource": {
    "criteria": {
      "Completed SkyFactory 4§r": "2021-01-18 16:13:18 +0200",
      "Completed Root": "2021-01-18 16:13:18 +0200"
    },
    "done": false
  },
  "sf4:age_exploration/boronore": {
    "criteria": {
      "Obtain Boron Ore": "2021-01-18 21:58:46 +0200"
    },
    "done": true
  },
  "sf4:age_farming/animalseeds": {
    "criteria": {
      "Cow Seed": "2021-01-18 20:23:19 +0200"
    },
    "done": false
  },
  "sf4:age_enhancement/partbuilder": {
    "criteria": {
      "Obtain Tinkers\u0027 Part Builder": "2021-01-19 18:42:40 +0200"
    },
    "done": true
  },
  "sf4:age1/sapling/gravel": {
    "criteria": {
      "Completed Root": "2021-01-18 16:13:18 +0200",
      "Obtain Gravel Sapling": "2021-01-18 17:54:57 +0200"
    },
    "done": true
  },
  "sf4:age1/lava": {
    "criteria": {
      "Completed Root": "2021-01-18 16:13:18 +0200",
      "Obtain Lava Iron Bucket": "2021-01-18 22:09:59 +0200"
    },
    "done": true
  },
  "pacifist:pacifist_run/lose": {
    "criteria": {
      "killed poor innocent creature": "2021-01-18 18:09:33 +0200"
    },
    "done": false
  },
  "sf4:age1/root": {
    "criteria": {
      "non_tutorial_start": "2021-01-18 16:13:18 +0200"
    },
    "done": true
  },
  "twilightforest:alt/biomes/firefly_forest": {
    "criteria": {
      "discover": "2021-01-18 21:38:29 +0200"
    },
    "done": true
  },
  "sf4:age1/sapling/silver": {
    "criteria": {
      "Completed Root": "2021-01-18 16:13:18 +0200",
      "Obtain Silver Sapling": "2021-01-19 14:48:34 +0200"
    },
    "done": true
  },
  "twilightforest:alt/biomes/mushroom_forest": {
    "criteria": {
      "discover": "2021-01-19 21:31:49 +0200"
    },
    "done": true
  },
  "sf4:age1/amber/tin": {
    "criteria": {
      "Completed Root": "2021-01-18 16:13:18 +0200",
      "Obtain Tin Amber": "2021-01-18 19:22:41 +0200"
    },
    "done": true
  },
  "twilightforest:alt/major_landmarks/hollow_hills": {
    "criteria": {
      "2": "2021-01-18 21:52:54 +0200"
    },
    "done": true
  },
  "twilightforest:twilight_dinner": {
    "criteria": {
      "raw_venison": "2021-01-18 22:16:40 +0200",
      "cooked_venison": "2021-01-19 13:57:44 +0200"
    },
    "done": false
  },
  "sf4:age1/iron_ingot": {
    "criteria": {
      "Completed Root": "2021-01-18 16:13:18 +0200",
      "Obtain Iron Ingot": "2021-01-18 19:21:28 +0200"
    },
    "done": true
  },
  "twilightforest:alt/entities/wild_boar": {
    "criteria": {
      "hurt": "2021-01-18 22:16:41 +0200"
    },
    "done": true
  },
  "twilightforest:alt/major_landmarks/lich_tower": {
    "criteria": {
      "discover": "2021-01-19 21:32:44 +0200"
    },
    "done": true
  },
  "twilightforest:alt/entities/arthopods": {
    "criteria": {
      "3": "2021-01-19 13:30:26 +0200"
    },
    "done": true
  },
  "tutorial:tutorial/copied/gravelsapling": {
    "criteria": {
      "Obtain Gravel Sapling": "2021-01-18 17:54:57 +0200"
    },
    "done": false
  },
  "twilightforest:alt/entities/deer": {
    "criteria": {
      "hurt": "2021-01-18 22:16:38 +0200"
    },
    "done": true
  },
  "twilightforest:alt/entities/pinch_beetle": {
    "criteria": {
      "hurt": "2021-01-19 13:34:37 +0200"
    },
    "done": true
  },
  "twilightforest:alt/treasures/steeleaf_armor_set": {
    "criteria": {
      "ingredient": "2021-01-19 14:06:19 +0200"
    },
    "done": true
  },
  "sf4:age1/amber/silver": {
    "criteria": {
      "Completed Root": "2021-01-18 16:13:18 +0200",
      "Obtain Silver Amber": "2021-01-19 14:48:20 +0200"
    },
    "done": true
  },
  "sf4:age_exploration/dilithiumore": {
    "criteria": {
      "Obtain Dilithium Crystals": "2021-01-18 21:58:48 +0200"
    },
    "done": true
  },
  "twilightforest:alt/treasures/foods/any": {
    "criteria": {
      "3": "2021-01-18 22:16:40 +0200"
    },
    "done": true
  },
  "sf4:age1/amber/gold": {
    "criteria": {
      "Completed Root": "2021-01-18 16:13:18 +0200",
      "Obtain Gold Amber": "2021-01-19 14:47:51 +0200"
    },
    "done": true
  },
  "twilightforest:alt/treasures/armors": {
    "criteria": {
      "1": "2021-01-19 13:31:19 +0200"
    },
    "done": true
  },
  "tutorial:tutorial/copied/cauldron": {
    "criteria": {
      "Obtain a Cauldron": "2021-01-19 14:45:48 +0200"
    },
    "done": false
  },
  "sf4:age_farming/skyorchards": {
    "criteria": {
      "Obtain Dirt Sapling": "2021-01-18 17:44:46 +0200",
      "Obtain Lead Sapling": "2021-01-18 19:56:15 +0200",
      "Obtain Silver Sapling": "2021-01-19 14:48:34 +0200",
      "Obtain Coal Sapling": "2021-01-18 18:04:56 +0200",
      "Obtain Diamond Sapling": "2021-01-19 14:48:43 +0200",
      "Obtain Cottonwood Sapling": "2021-01-18 19:15:50 +0200",
      "Obtain Ardite Sapling": "2021-01-20 12:41:33 +0200",
      "Obtain Lapis Sapling": "2021-01-18 19:19:21 +0200",
      "Obtain Bacon Sapling": "2021-01-18 21:11:03 +0200",
      "Obtain Donut Sapling": "2021-01-19 14:49:30 +0200",
      "Obtain Petrified Sapling": "2021-01-18 17:44:58 +0200",
      "Obtain Tin Sapling": "2021-01-19 14:46:04 +0200",
      "Obtain Iron Sapling": "2021-01-18 19:47:01 +0200",
      "Obtain Sand Sapling": "2021-01-18 18:33:00 +0200",
      "Obtain Gold Sapling": "2021-01-19 14:48:35 +0200",
      "Obtain Redstone Sapling": "2021-01-18 20:00:29 +0200",
      "Obtain Clay Sapling": "2021-01-18 17:48:16 +0200",
      "Obtain Gravel Sapling": "2021-01-18 17:54:57 +0200",
      "Obtain Bone Sapling": "2021-01-18 19:15:40 +0200",
      "Obtain Cobalt Sapling": "2021-01-19 19:11:49 +0200"
    },
    "done": false
  },
  "sf4:age_exploration/waterinnether": {
    "criteria": {
      "Place Da Wata": "2021-01-19 16:13:08 +0200"
    },
    "done": false
  },
  "sf4:age_exploration/skygriddragonkill": {
    "criteria": {
      "Completed Age of Exploration§r": "2021-01-18 16:13:18 +0200"
    },
    "done": false
  },
  "twilightforest:progress_labyrinth": {
    "criteria": {
      "kill_lich": "2021-01-19 21:47:12 +0200"
    },
    "done": false
  },
  "tutorial:tutorial/copied/coalsapling": {
    "criteria": {
      "Obtain Coal Sapling": "2021-01-18 18:04:56 +0200"
    },
    "done": false
  },
  "sf4:age1/sapling/sand": {
    "criteria": {
      "Completed Root": "2021-01-18 16:13:18 +0200",
      "Obtain Sand Sapling": "2021-01-18 18:33:00 +0200"
    },
    "done": true
  },
  "sf4:age_enhancement/complete": {
    "criteria": {
      "Completed Better With Mods§r": "2021-01-19 23:28:42 +0200",
      "Completed Tim the Tool Man Taylor§r": "2021-01-19 18:42:40 +0200",
      "Completed Pattern Me, Sir§r": "2021-01-19 22:18:01 +0200",
      "Completed Forging Ahead§r": "2021-01-19 23:03:49 +0200",
      "Completed Keep It Between the Lines§r": "2021-01-19 18:30:14 +0200",
      "Completed Rolling into the Station§r": "2021-01-19 18:41:38 +0200",
      "Completed Ding!§r": "2021-01-20 13:15:45 +0200",
      "Completed It\u0027s Over 20!§r": "2021-01-20 13:18:04 +0200",
      "Completed Age of Enhancement§r": "2021-01-18 16:13:18 +0200",
      "Completed Ore\u0027nt You Glad I Didn\u0027t Say Banana§r": "2021-01-19 20:34:27 +0200",
      "Completed Sign My Cast§r": "2021-01-19 18:46:24 +0200"
    },
    "done": false
  },
  "sf4:age_exploration/lithiumore": {
    "criteria": {
      "Obtain Lithium Ore": "2021-01-19 14:24:54 +0200"
    },
    "done": true
  },
  "twilightforest:alt/treasures/steeleaf_tool_set": {
    "criteria": {
      "ingredient": "2021-01-19 14:06:19 +0200"
    },
    "done": true
  },
  "sf4:age_enhancement/tconmodifier": {
    "criteria": {
      "Apply 1 Modifer": "2021-01-19 23:28:42 +0200"
    },
    "done": true
  },
  "tutorial:tutorial/copied/claybucket": {
    "criteria": {
      "Obtain Clay Bucket": "2021-01-18 20:13:03 +0200"
    },
    "done": false
  },
  "twilightforest:alt/entities/lich_zombies": {
    "criteria": {
      "hurt_alt": "2021-01-19 21:47:02 +0200"
    },
    "done": true
  },
  "sf4:age1/sapling/iron": {
    "criteria": {
      "Completed Root": "2021-01-18 16:13:18 +0200",
      "Obtain Iron Sapling": "2021-01-18 19:47:01 +0200"
    },
    "done": true
  },
  "sf4:age1/stone_crook": {
    "criteria": {
      "Completed Root": "2021-01-18 16:13:18 +0200",
      "Obtain Stone Crook": "2021-01-18 17:51:31 +0200"
    },
    "done": true
  },
  "sf4:age_exploration/thoriumore": {
    "criteria": {
      "Obtain Thorium Ore": "2021-01-19 13:45:00 +0200"
    },
    "done": true
  },
  "sf4:age1/sapling/bone": {
    "criteria": {
      "Completed Root": "2021-01-18 16:13:18 +0200",
      "Obtain Bone Sapling": "2021-01-18 19:15:40 +0200"
    },
    "done": true
  },
  "pacifist:pacifist_run/peaceful": {
    "criteria": {
      "brokeLeaves": "2021-01-18 17:48:12 +0200",
      "brokeLog": "2021-01-18 17:47:54 +0200"
    },
    "done": false
  },
  "sf4:age1/water": {
    "criteria": {
      "Completed Root": "2021-01-18 16:13:18 +0200",
      "Obtain Water in an Iron Bucket": "2021-01-18 19:41:42 +0200"
    },
    "done": true
  },
  "sf4:age_farming/sugarcanesnad": {
    "criteria": {
      "Placed Snad": "2021-01-19 14:51:56 +0200"
    },
    "done": true
  },
  "sf4:age_allthethingsomglol/modifiermaster": {
    "criteria": {
      "Diamond": "2021-01-19 23:28:42 +0200",
      "Sharpness": "2021-01-20 00:10:26 +0200",
      "Haste": "2021-01-19 23:29:01 +0200",
      "Knockback": "2021-01-20 00:13:26 +0200"
    },
    "done": false
  },
  "twilightforest:progress_yeti": {
    "criteria": {
      "previous_progression": "2021-01-19 21:47:12 +0200"
    },
    "done": false
  },
  "tutorial:tutorial/copied/diamond": {
    "criteria": {
      "Obtain Diamond": "2021-01-18 20:57:56 +0200"
    },
    "done": false
  },
  "sf4:age_power/complete": {
    "criteria": {
      "Completed Age of Power§r": "2021-01-18 16:13:18 +0200"
    },
    "done": false
  },
  "twilightforest:alt/entities/slime_beetle": {
    "criteria": {
      "hurt": "2021-01-19 13:32:32 +0200"
    },
    "done": true
  },
  "hardcore:hardcore/survive": {
    "criteria": {
      "Get killed": "2021-01-18 18:09:43 +0200"
    },
    "done": false
  },
  "twilightforest:alt/treasures/tools": {
    "criteria": {
      "1": "2021-01-19 14:06:19 +0200"
    },
    "done": true
  },
  "sf4:age1/amber/iron": {
    "criteria": {
      "Completed Root": "2021-01-18 16:13:18 +0200",
      "Obtain Iron Amber": "2021-01-18 18:49:40 +0200"
    },
    "done": true
  },
  "twilightforest:progress_lich": {
    "criteria": {
      "kill_lich": "2021-01-19 21:47:12 +0200",
      "kill_naga": "2021-01-19 13:31:19 +0200"
    },
    "done": true
  },
  "twilightforest:hill3": {
    "criteria": {
      "wraith": "2021-01-18 21:58:29 +0200"
    },
    "done": true
  },
  "sf4:age_storage/woodenhopper": {
    "criteria": {
      "Obtain Wooden Hopper": "2021-01-18 21:37:53 +0200"
    },
    "done": true
  },
  "tutorial:tutorial/placeoak": {
    "criteria": {
      "Placed Oak Wood Slab": "2021-01-18 20:22:28 +0200",
      "Placed Oak Planks": "2021-01-19 16:36:50 +0200"
    },
    "done": false
  },
  "sf4:age_farming/complete_no_prestige": {
    "criteria": {
      "Completed Cowabonsai!§r": "2021-01-18 19:25:56 +0200",
      "Prestige Mode Disabled": "2021-01-18 16:13:18 +0200",
      "Completed Citizen Cane§r": "2021-01-18 20:59:40 +0200",
      "Completed Shredded Wheat§r": "2021-01-18 19:49:37 +0200",
      "Completed Yes We Can!§r": "2021-01-18 19:44:46 +0200",
      "Completed Fertile Soil§r": "2021-01-18 20:02:24 +0200",
      "Completed This Little Piggy§r": "2021-01-18 19:51:54 +0200",
      "Completed Sugar Daddy§r": "2021-01-19 14:51:56 +0200",
      "Completed Bonsai!!!§r": "2021-01-18 18:04:56 +0200",
      "Completed TuMULCHuous§r": "2021-01-18 20:15:08 +0200",
      "Completed Age of Farming§r": "2021-01-18 16:13:18 +0200"
    },
    "done": false
  },
  "sf4:age_allthethingsomglol/root": {
    "criteria": {
      "inventoryChange": "2021-01-18 16:13:18 +0200"
    },
    "done": true
  }
}