{"stat.useItem.minecraft.bow":57,"stat.mineBlock.sky_orchards.log_coal":5,"stat.pickup.minecraft.wooden_slab":165,"stat.leaveGame":5,"stat.drop.minecraft.gunpowder":2,"stat.pickup.tconstruct.edible":98,"stat.killEntity.PigZombie":2,"stat.mineBlock.sky_orchards.log_dirt":38,"stat.craftItem.inspirations.dyed_bottle":3,"stat.pickup.minecraft.rotten_flesh":106,"stat.pickup.horsepower.hand_grindstone":1,"stat.pickup.sky_orchards.sapling_dirt":58,"stat.pickup.uppers.upper":1,"stat.craftItem.minecraft.stone_axe":3,"stat.pickup.minecraft.cobblestone_wall":4,"stat.pickup.minecraft.bucket":1,"stat.killEntity.Enderman":8,"stat.mineBlock.minecraft.wooden_slab":115,"stat.pickup.minecraft.brown_mushroom":2,"stat.pickup.sky_orchards.resin_petrified":121,"stat.drop.minecraft.gold_ingot":4,"stat.pickup.xlfoodmod.strawberry_seeds":16,"stat.pickup.xlfoodmod.lettuce":13,"stat.useItem.minecraft.iron_pickaxe":256,"stat.craftItem.minecraft.wooden_pickaxe":1,"stat.pickup.minecraft.double_plant":8,"stat.useItem.minecraft.hardened_clay":1,"stat.pickup.cyclicmagic.item_pump":3,"stat.furnaceInteraction":200,"stat.killEntity.ZombieVillager":1,"stat.craftItem.cyclicmagic.fluid_pipe":8,"stat.pickup.minecraft.nether_brick":14,"stat.craftItem.sky_orchards.acorn_dirt":1,"stat.pickup.sky_orchards.acorn_coal":9,"stat.pickup.minecraft.beef":15,"stat.craftItem.mysticalagriculture.crafting":702,"stat.pickup.mob_grinding_utils.spikes":2,"stat.drop.sky_orchards.acorn_dirt":1,"stat.pickup.sky_orchards.acorn_dirt":54,"stat.pickup.inspirations.potato_seeds":3,"stat.useItem.minecraft.trapdoor":71,"stat.pickup.sky_orchards.sapling_coal":12,"stat.useItem.minecraft.fence":272,"stat.pickup.mysticalagriculture.tier1_inferium_seeds":187,"stat.useItem.xlfoodmod.lettuce_seeds":3,"stat.pickup.minecraft.potion":1,"stat.mineBlock.minecraft.fence":11,"stat.useItem.minecraft.wheat_seeds":195,"stat.craftItem.minecraft.dropper":1,"stat.pickup.sky_orchards.leaves_coal":2,"stat.useItem.minecraft.dye":656,"stat.mineBlock.rustic.crop_stake":10,"stat.pickup.minecraft.lever":7,"stat.deaths":3,"stat.pickup.minecraft.egg":42,"stat.useItem.minecraft.nether_brick":9,"stat.craftItem.minecraft.iron_pickaxe":1,"stat.pickup.sky_orchards.sapling_lapis":2,"stat.mineBlock.minecraft.tallgrass":12,"stat.useItem.sky_orchards.sapling_sand":2,"stat.pickup.tconstruct.seared":2,"stat.chestOpened":1362,"stat.pickup.inspirations.stone_crook":3,"stat.craftItem.minecraft.sign":3,"stat.pickup.minecraft.arrow":5,"stat.mineBlock.rustic.deathstalk_mushroom":1,"stat.pickup.minecraft.gold_nugget":3,"stat.craftItem.minecraft.coal":137,"stat.pickup.telepastries.twilight_cake":1,"stat.useItem.sky_orchards.sapling_gravel":6,"stat.craftItem.cyclicmagic.fluid_drain":1,"stat.pickup.minecraft.carrot":65,"stat.crouchOneCm":203598,"stat.mineBlock.minecraft.chest":3,"stat.craftItem.minecraft.diamond":110,"stat.craftItem.minecraft.iron_ingot":279,"stat.pickup.rustic.grape_stem":3,"stat.pickup.bonsaitrees.bonsaipot":9,"stat.mineBlock.minecraft.hardened_clay":1,"stat.craftItem.minecraft.hopper":18,"stat.craftItem.xlfoodmod.cooked_dough":8,"stat.craftingTableInteraction":344,"stat.mineBlock.tconstruct.rack":1,"stat.pickup.sky_orchards.acorn_redstone":180,"stat.pickup.cyclicmagic.fluid_drain":1,"stat.pickup.xlfoodmod.tomato":3,"stat.craftItem.minecraft.wooden_sword":1,"stat.mineBlock.cyclicmagic.fluid_pipe":8,"stat.pickup.minecraft.dye":85,"stat.craftItem.simplegenerators.culinary_simple":1,"stat.pickup.minecraft.wheat_seeds":432,"stat.craftItem.sky_orchards.acorn_iron":96,"stat.pickup.darkutils.material":4,"stat.pickup.thermaldynamics.duct_16":6,"stat.mineBlock.minecraft.dirt":4,"stat.pickup.compactstorage.compactchest":1,"stat.pickup.inspirations.carrot_seeds":15,"stat.useItem.minecraft.cobblestone":1222,"stat.mineBlock.minecraft.double_plant":1,"stat.mineBlock.sky_orchards.sapling_clay":1,"stat.pickup.cyclicmagic.sprout_seed":6,"stat.drop.bonsaitrees.bonsaipot":3,"stat.pickup.nuclearcraft.glowing_mushroom":1,"stat.pickup.sky_orchards.resin_gravel":114,"stat.pickup.minecraft.iron_pickaxe":1,"stat.useItem.slabmachines.furnace_slab":7,"stat.craftItem.minecraft.gold_ingot":9,"stat.craftItem.minecraft.brewing_stand":1,"stat.drop.sky_orchards.sapling_lapis":2,"stat.drop.deepmoblearning.deep_learner":3,"stat.craftItem.minecraft.bucket":4,"stat.craftItem.minecraft.planks":1901,"stat.useItem.minecraft.iron_sword":36,"stat.craftItem.minecraft.dirt":107,"stat.pickup.morecauldrons.oak_cauldron":1,"stat.craftItem.minecraft.fishing_rod":1,"stat.craftItem.rustic.fertile_soil":4,"stat.mineBlock.minecraft.log":14,"stat.mineBlock.simplegenerators.fluid_combustion_simple":1,"stat.craftItem.sky_orchards.sapling_donut":1,"stat.craftItem.minecraft.paper":36,"stat.useItem.cyclicmagic.fluid_pipe":9,"stat.useItem.sky_orchards.acorn_sand":5,"stat.pickup.minecraft.red_flower":27,"stat.pickup.minecraft.wool":1,"stat.useItem.minecraft.wooden_axe":175,"stat.craftItem.minecraft.cobblestone":1,"stat.drop.sky_orchards.resin_dirt":1,"stat.pickup.cyclicmagic.sprinkler":2,"stat.mineBlock.cookingforblockheads.sink":4,"stat.craftItem.minecraft.diamond_leggings":1,"stat.useItem.minecraft.iron_axe":80,"stat.mineBlock.minecraft.cobblestone":290,"stat.pickup.minecraft.flint":21,"stat.mineBlock.minecraft.yellow_flower":2,"stat.killEntity.Human":31,"stat.craftItem.simplegenerators.fluid_combustion_simple":1,"stat.pickup.rustic.mooncap_mushroom":1,"stat.craftItem.sky_orchards.sapling_emerald":1,"stat.pickup.pickletweaks.coal_piece":7,"stat.drop.sky_orchards.leaves_coal":2,"stat.mineBlock.morecauldrons.oak_cauldron":1,"stat.pickup.chineseworkshop.upper_door_frame":6,"stat.useItem.minecraft.obsidian":10,"stat.useItem.minecraft.stone_slab2":316,"stat.craftItem.mysticalagriculture.tier2_inferium_seeds":26,"stat.craftItem.minecraft.furnace":11,"stat.useItem.minecraft.egg":25,"stat.mineBlock.minecraft.obsidian":13,"stat.mineBlock.sky_orchards.leaves_dirt":297,"stat.craftItem.minecraft.bow":2,"stat.craftItem.sky_orchards.amber_gold":1,"stat.drop.rustic.fertile_soil":3,"stat.flyOneCm":212952,"stat.mineBlock.sky_orchards.leaves_coal":122,"stat.pickup.cyclicmagic.fluid_placer":7,"stat.timeSinceDeath":614787,"stat.useItem.minecraft.wooden_slab":993,"stat.craftItem.minecraft.iron_block":7,"stat.pickup.minecraft.nether_wart":14,"stat.pickup.xlfoodmod.cucumber_seeds":3,"stat.killEntity.Creeper":3,"stat.useItem.tp.toasted_bread":1,"stat.pickup.minecraft.string":8,"stat.craftItem.tconstruct.stone_stick":16,"stat.useItem.sky_orchards.sapling_petrified":3,"stat.pickup.sky_orchards.sapling_bacon":1,"stat.sprintOneCm":1847969,"stat.mineBlock.minecraft.stone_slab":85,"stat.craftItem.minecraft.wooden_axe":3,"stat.mineBlock.sky_orchards.leaves_petrified":653,"stat.craftItem.chineseworkshop.upper_door_frame":16,"stat.pickup.sky_orchards.sapling_emerald":1,"stat.craftItem.mysticalagriculture.tier1_inferium_seeds":15,"stat.drop.farmingforblockheads.market":1,"stat.pickup.inspirations.wooden_crook":1,"stat.pickup.cookingforblockheads.sink":4,"stat.pickup.tconstruct.nuggets":2,"stat.pickup.minecraft.sugar":1,"stat.mineBlock.bonsaitrees.bonsaipot":7,"stat.craftItem.minecraft.emerald":7,"stat.pickup.minecraft.iron_block":14,"stat.killEntity.Zombie":19,"stat.craftItem.minecraft.dye":658,"stat.craftItem.minecraft.diamond_axe":1,"stat.diveOneCm":9579,"stat.pickup.minecraft.wheat":270,"stat.craftItem.minecraft.cooked_porkchop":5,"stat.useItem.bonsaitrees.bonsaipot":8,"stat.pickup.minecraft.obsidian":27,"stat.pickup.mysticalagriculture.tier3_inferium_seeds":4,"stat.pickup.sky_orchards.resin_clay":148,"stat.pickup.xlfoodmod.onion":4,"stat.craftItem.minecraft.diamond_sword":1,"stat.jump":2883,"stat.pickup.minecraft.iron_ingot":110,"stat.craftItem.minecraft.lever":1,"stat.craftItem.rustic.crop_stake":31,"stat.drop.minecraft.wooden_sword":1,"stat.pickup.minecraft.gunpowder":29,"stat.craftItem.minecraft.torch":216,"stat.mineBlock.sky_orchards.log_sand":8,"stat.pickup.minecraft.dirt":9,"stat.craftItem.sky_orchards.sapling_lapis":1,"stat.pickup.sky_orchards.resin_bone":7,"stat.mineBlock.nuclearcraft.glowing_mushroom":1,"stat.brewingstandInteraction":7,"stat.damageTaken":4946,"stat.mineBlock.minecraft.torch":201,"stat.mineBlock.minecraft.red_flower":1,"stat.craftItem.minecraft.sea_lantern":1,"stat.drop.sky_orchards.sapling_silver":1,"stat.pickup.xlfoodmod.rice_seeds":1,"stat.mineBlock.minecraft.fence_gate":2,"stat.useItem.mob_grinding_utils.spikes":9,"stat.pickup.sky_orchards.sapling_clay":154,"stat.killEntity.bouncy_creepers.bouncy_creeper":29,"stat.craftItem.horsepower.chopping_block":2,"stat.craftItem.minecraft.stone_slab":960,"stat.animalsBred":39,"stat.useItem.minecraft.chest":15,"stat.pickup.sky_orchards.sapling_bone":5,"stat.useItem.minecraft.lava_bucket":10,"stat.craftItem.morecauldrons.oak_cauldron":1,"stat.craftItem.slabmachines.chest_slab":2,"stat.craftItem.sky_orchards.amber_silver":1,"stat.pickup.sky_orchards.sapling_donut":2,"stat.craftItem.mysticalagriculture.tier3_inferium_seeds":14,"stat.drop.inspirations.wooden_crook":13,"stat.craftItem.rustic.crushing_tub":1,"stat.pickup.minecraft.ender_pearl":3,"stat.pickup.simplegenerators.fluid_combustion_simple":1,"stat.useItem.cyclicmagic.item_pipe":2,"stat.mineBlock.sky_orchards.amber_tin":1,"stat.useItem.minecraft.netherrack":44,"stat.mobKills":204,"stat.pickup.cyclicmagic.fluid_pipe":8,"stat.useItem.minecraft.cobblestone_wall":65,"stat.pickup.minecraft.diamond":9,"stat.pickup.minecraft.beetroot_seeds":9,"stat.pickup.deepmoblearning.deep_learner":3,"stat.pickup.minecraft.torch":456,"stat.drop.sky_orchards.acorn_clay":16,"stat.drop.minecraft.stone_axe":2,"stat.mineBlock.sky_orchards.log_petrified":78,"stat.useItem.xlfoodmod.strawberry":2,"stat.pickup.inspirations.cactus_seeds":3,"stat.pickup.minecraft.deadbush":6,"stat.craftItem.minecraft.iron_axe":1,"stat.useItem.minecraft.soul_sand":9,"stat.killEntity.Blaze":29,"stat.mineBlock.cyclicmagic.item_pipe":1,"stat.useItem.cyclicmagic.sprinkler":1,"stat.mineBlock.cyclicmagic.fluid_placer":7,"stat.useItem.minecraft.planks":10,"stat.pickup.minecraft.porkchop":5,"stat.craftItem.xlfoodmod.donut":4,"stat.craftItem.horsepower.hand_grindstone":1,"stat.mineBlock.chineseworkshop.upper_door_frame":6,"stat.useItem.minecraft.water_bucket":26,"stat.useItem.inspirations.carrot_seeds":5,"stat.useItem.chineseworkshop.upper_door_frame":6,"stat.pickup.minecraft.hardened_clay":1,"stat.useItem.cyclicmagic.sprout_seed":4,"stat.craftItem.minecraft.cobblestone_wall":180,"stat.craftItem.minecraft.stone_sword":1,"stat.craftItem.cyclicmagic.sprinkler":2,"stat.pickup.inspirations.mulch":8,"stat.craftItem.minecraft.blaze_powder":2,"stat.useItem.minecraft.fence_gate":1,"stat.hopperInspected":13,"stat.pickup.resourcehogs.mud_bucket":1,"stat.drop.minecraft.diamond":1,"stat.pickup.tconstruct.slime_sapling":1,"stat.craftItem.simplegenerators.combustion_simple":1,"stat.mineBlock.horsepower.hand_grindstone":1,"stat.craftItem.minecraft.hardened_clay":6,"stat.mineBlock.cyclicmagic.fluid_drain":1,"stat.pickup.telepastries.overworld_cake":1,"stat.pickup.xlfoodmod.lettuce_seeds":13,"stat.pickup.minecraft.fence_gate":2,"stat.craftItem.xlfoodmod.dough":32,"stat.pickup.deepmoblearning.data_model_zombie":1,"stat.pickup.minecraft.furnace":1,"stat.pickup.mysticalagriculture.tier2_inferium_seeds":99,"stat.useItem.xlfoodmod.strawberry_seeds":2,"stat.pickup.xlfoodmod.vanilla_flower":2,"stat.pickup.minecraft.skull":1,"stat.craftItem.minecraft.sand":45,"stat.craftItem.minecraft.fence_gate":2,"stat.pickup.tconstruct.slime_dirt":1,"stat.pickup.minecraft.pumpkin_seeds":3,"stat.useItem.minecraft.hopper":8,"stat.mineBlock.minecraft.soul_sand":21,"stat.craftItem.minecraft.prismarine_crystals":6,"stat.pickup.xlfoodmod.pepper_seeds":5,"stat.playOneMinute":1111014,"stat.pickup.tconstruct.rack":1,"stat.pickup.minecraft.blaze_rod":16,"stat.useItem.sky_orchards.acorn_dirt":2,"stat.pickup.mekanism.otherdust":8,"stat.drop.statues.blockplayerstatue":1,"stat.drop.cyclicmagic.item_pipe":14,"stat.drop.sky_orchards.sapling_gold":1,"stat.pickup.minecraft.netherrack":214,"stat.pickup.tconstruct.casting":6,"stat.mineBlock.minecraft.netherrack":217,"stat.pickup.sky_orchards.acorn_petrified":80,"stat.pickup.tp.mycelium_seeds":2,"stat.useItem.inspirations.wooden_crook":1416,"stat.pickup.sky_orchards.resin_sand":13,"stat.craftItem.minecraft.prismarine_shard":10,"stat.craftItem.mob_grinding_utils.spikes":7,"stat.craftItem.minecraft.iron_hoe":2,"stat.fallOneCm":478439,"stat.craftItem.inspirations.mulch":78,"stat.drop.minecraft.dye":1,"stat.useItem.horsepower.chopping_block":1,"stat.pickup.minecraft.melon_seeds":4,"stat.mineBlock.slabmachines.chest_slab":3,"stat.craftItem.minecraft.chest":37,"stat.useItem.inspirations.mulch":7,"stat.mineBlock.minecraft.lever":7,"stat.pickup.minecraft.red_mushroom":2,"stat.useItem.minecraft.iron_hoe":68,"stat.mineBlock.sky_orchards.leaves_sand":177,"stat.pickup.sky_orchards.sapling_sand":33,"stat.drop.minecraft.bone":1,"stat.useItem.minecraft.furnace":1,"stat.craftItem.tconstruct.materials":52,"stat.killEntity.Llama":2,"stat.pickup.sky_orchards.sapling_gold":1,"stat.pickup.rustic.fertile_soil":1,"stat.pickup.xlfoodmod.strawberry":10,"stat.useItem.minecraft.stone_pickaxe":41,"stat.useItem.minecraft.stone_sword":30,"stat.mineBlock.sky_orchards.log_bone":6,"stat.craftItem.sky_orchards.amber_tin":1,"stat.drop.minecraft.stick":1,"stat.pickup.cyclicmagic.block_storeempty":11,"stat.pickup.minecraft.flint_and_steel":1,"stat.mineBlock.cyclicmagic.block_storeempty":11,"stat.useItem.minecraft.torch":440,"stat.craftItem.minecraft.redstone_block":1,"stat.pickup.minecraft.crafting_table":3,"stat.useItem.minecraft.log":39,"stat.craftItem.sky_orchards.acorn_lapis":22,"stat.craftItem.minecraft.crafting_table":4,"stat.craftItem.minecraft.boat":1,"stat.killEntity.LavaSlime":5,"stat.pickup.minecraft.log":522,"stat.useItem.sky_orchards.acorn_iron":45,"stat.pickup.sky_orchards.acorn_sand":27,"stat.craftItem.sky_orchards.acorn_sand":5,"stat.pickup.sky_orchards.amber_tin":1,"stat.pickup.minecraft.sapling":11,"stat.useItem.xlfoodmod.donut":1,"stat.pickup.minecraft.beetroot":3,"stat.pickup.rustic.crop_stake":10,"stat.killEntity.rogue_android":11,"stat.killEntity.WitherSkeleton":10,"stat.craftItem.sky_orchards.acorn_gold":32,"stat.mineBlock.sky_orchards.log_clay":100,"stat.craftItem.minecraft.sugar":2,"stat.useItem.minecraft.beetroot_seeds":2,"stat.drop.sky_orchards.sapling_bacon":2,"stat.sneakTime":61377,"stat.pickup.rustic.chili_pepper_seeds":3,"stat.mineBlock.minecraft.cobblestone_wall":6,"stat.pickup.sky_orchards.sapling_diamond":1,"stat.drop.minecraft.bucket":1,"stat.pickup.rustic.deathstalk_mushroom":3,"stat.pickup.minecraft.stone_slab":40,"stat.pickup.minecraft.yellow_flower":4,"stat.drop.tconstruct.slime_dirt":1,"stat.useItem.sky_orchards.sapling_dirt":6,"stat.drop.minecraft.wooden_axe":3,"stat.pickup.minecraft.chest":6,"stat.craftItem.minecraft.diamond_chestplate":1,"stat.useItem.minecraft.brick_stairs":3,"stat.useItem.mysticalagriculture.tier1_inferium_seeds":98,"stat.pickup.minecraft.bone":47,"stat.craftItem.ceramics.unfired_clay":1,"stat.drop.sky_orchards.sapling_donut":1,"stat.mineBlock.sky_orchards.leaves_gravel":479,"stat.mineBlock.cyclicmagic.fluid_pump":9,"stat.craftItem.tconstruct.faucet":1,"stat.pickup.sky_orchards.resin_dirt":62,"stat.useItem.minecraft.diamond_sword":533,"stat.craftItem.minecraft.diamond_helmet":1,"stat.craftItem.sky_orchards.amber_iron":13,"stat.swimOneCm":5186,"stat.craftItem.inspirations.stone_crook":4,"stat.useItem.minecraft.dirt":91,"stat.drop.minecraft.brick":18,"stat.craftItem.minecraft.bone_block":77,"stat.craftItem.minecraft.trapdoor":68,"stat.drop.minecraft.ender_pearl":1,"stat.craftItem.minecraft.stone_pickaxe":1,"stat.pickup.minecraft.cobblestone":249,"stat.craftItem.minecraft.glass_bottle":3,"stat.pickup.minecraft.clay":1,"stat.pickup.minecraft.soul_sand":19,"stat.pickup.sky_orchards.resin_coal":9,"stat.craftItem.minecraft.wooden_slab":1354,"stat.craftItem.sky_orchards.amber_lapis":1,"stat.pickup.sky_orchards.sapling_petrified":82,"stat.pickup.minecraft.redstone":12,"stat.craftItem.minecraft.dispenser":1,"stat.craftItem.minecraft.book":12,"stat.mineBlock.sky_orchards.leaves_cottonwood":17,"stat.useItem.minecraft.sign":2,"stat.pickup.minecraft.mutton":1,"stat.killEntity.ranged_rogue_android":9,"stat.mineBlock.sky_orchards.sapling_sand":1,"stat.drop.inspirations.mulch":3,"stat.pickup.rustic.sapling":5,"stat.useItem.sky_orchards.sapling_clay":2,"stat.pickup.minecraft.trapdoor":6,"stat.mineBlock.minecraft.nether_brick":17,"stat.craftItem.tconstruct.soil":5,"stat.useItem.tconstruct.edible":99,"stat.craftItem.minecraft.brick_block":16,"stat.pickup.xlfoodmod.corn_seeds":1,"stat.mineBlock.sky_orchards.leaves_clay":722,"stat.craftItem.minecraft.stone_slab2":0,"stat.pickup.sky_orchards.sapling_cottonwood":6,"stat.craftItem.minecraft.stick":526,"stat.useItem.minecraft.stone_slab":920,"stat.craftItem.minecraft.stone":45,"stat.mineBlock.minecraft.crafting_table":2,"stat.useItem.minecraft.diamond_pickaxe":424,"stat.useItem.minecraft.carrot":28,"stat.killEntity.Endermite":1,"stat.craftItem.minecraft.clay_ball":154,"stat.mineBlock.minecraft.planks":2,"stat.drop":116,"stat.killEntity.Sheep":1,"stat.craftItem.minecraft.diamond_pickaxe":1,"stat.useItem.mysticalagriculture.tier2_inferium_seeds":40,"stat.craftItem.minecraft.clay":50,"stat.useItem.inspirations.stone_crook":1108,"stat.pickup.cyclicmagic.fluid_pump":9,"stat.craftItem.minecraft.piston":2,"stat.mineBlock.sky_orchards.leaves_bone":54,"stat.drop.minecraft.wooden_pickaxe":1,"stat.pickup.minecraft.gravel":1,"stat.useItem.minecraft.glass_bottle":17,"stat.useItem.minecraft.diamond_axe":12,"stat.useItem.minecraft.potion":2,"stat.pickup.twilightforest.torchberries":3,"stat.craftItem.minecraft.brick_stairs":8,"stat.pickup.minecraft.brick":2,"stat.pickup.minecraft.fence":10,"stat.craftItem.bonsaitrees.bonsaipot":19,"stat.useItem.minecraft.stone_axe":286,"stat.pickup.minecraft.spider_eye":2,"stat.pickup.farmingforblockheads.market":1,"stat.mineBlock.cyclicmagic.item_pump":1,"stat.craftItem.minecraft.flint_and_steel":1,"stat.drop.inspirations.stone_crook":7,"stat.pickup.inspirations.sugar_cane_seeds":4,"stat.pickup.rustic.tomato_seeds":2,"stat.pickup.minecraft.leaves":2,"stat.craftItem.cyclicmagic.harvester_block":1,"stat.pickup.xlfoodmod.tomato_seeds":2,"stat.pickup.minecraft.leather":13,"stat.craftItem.minecraft.iron_bars":32,"stat.mineBlock.minecraft.furnace":1,"stat.pickup.minecraft.prismarine_shard":6,"stat.pickup.mysticalagriculture.crafting":2085,"stat.pickup.minecraft.reeds":21,"stat.craftItem.sky_orchards.amber_copper":16,"stat.useItem.mysticalagriculture.tier3_inferium_seeds":4,"stat.damageDealt":38522,"stat.craftItem.minecraft.glass":9,"stat.craftItem.minecraft.cauldron":1,"stat.sleepInBed":1,"stat.killEntity.Cow":7,"stat.useItem.minecraft.crafting_table":2,"stat.killEntity.Pig":2,"stat.craftItem.minecraft.iron_sword":22,"stat.pickup.sky_orchards.acorn_bone":12,"stat.craftItem.cyclicmagic.fluid_placer":1,"stat.walkOneCm":3356973,"stat.useItem.slabmachines.chest_slab":2,"stat.pickup.ceramics.clay_bucket":1,"stat.playerKills":1,"stat.pickup.minecraft.stick":45,"stat.craftItem.sky_orchards.sapling_bacon":1,"stat.mineBlock.compactstorage.compactchest":1,"stat.pickup.minecraft.clay_ball":32,"stat.craftItem.inspirations.wooden_crook":12,"stat.pickup.sky_orchards.acorn_clay":157,"stat.pickup.rustic.apple_seeds":5,"stat.craftItem.tp.growth_block":1,"stat.mineBlock.sky_orchards.log_gravel":76,"stat.craftItem.minecraft.diamond_boots":1,"stat.pickup.sky_orchards.acorn_gravel":75,"stat.pickup.sky_orchards.sapling_gravel":78,"stat.drop.sky_orchards.sapling_diamond":1,"stat.mineBlock.cyclicmagic.sprinkler":1,"stat.pickup.minecraft.gold_ingot":4,"stat.pickup.sky_orchards.sapling_silver":1,"stat.killEntity.Skeleton":3,"stat.drop.sky_orchards.sapling_dirt":2,"stat.useItem.sky_orchards.acorn_clay":27,"stat.pickup.cyclicmagic.item_pipe":16,"stat.killEntity.Spider":7,"stat.mineBlock.minecraft.quartz_ore":27,"stat.mineBlock.inspirations.mulch":8,"stat.pickup.slabmachines.chest_slab":5,"stat.useItem.rustic.crop_stake":31,"stat.pickup.minecraft.quartz":26,"stat.craftItem.minecraft.fence":270,"stat.useItem.sky_orchards.acorn_lapis":22,"stat.mineBlock.minecraft.leaves":54,"stat.craftItem.slabmachines.furnace_slab":8,"stat.mineBlock.tconstruct.seared":2,"stat.craftItem.sky_orchards.amber_nickel":16,"stat.mineBlock.tconstruct.casting":6,"stat.craftItem.minecraft.brick":132,"stat.mineBlock.mob_grinding_utils.spikes":3}