{"stat.mineBlock.sky_orchards.log_coal":16,"stat.pickup.minecraft.wooden_slab":24,"stat.leaveGame":12,"stat.craftItem.mysticalagriculture.infusion_crystal":1,"stat.craftItem.sky_orchards.amber_osmium":12,"stat.mineBlock.sky_orchards.log_dirt":6,"stat.pickup.sky_orchards.resin_cottonwood":99,"stat.pickup.minecraft.rotten_flesh":145,"stat.pickup.sky_orchards.leaves_donut":1,"stat.pickup.sky_orchards.sapling_dirt":60,"stat.craftItem.minecraft.stone_axe":1,"stat.pickup.sky_orchards.resin_emerald":137,"stat.killEntity.Enderman":3,"stat.drop.valkyrielib.modifier_speed":41,"stat.mineBlock.minecraft.wooden_slab":1,"stat.pickup.minecraft.brown_mushroom":4,"stat.pickup.sky_orchards.resin_petrified":115,"stat.pickup.cyclicmagic.cyclic_wand_build":2,"stat.craftItem.mekanism.energycube":2,"stat.pickup.thermalfoundation.material":19,"stat.furnaceInteraction":98,"stat.useItem.statues.blockplayerstatue":1,"stat.drop.buildinggadgets.buildingtool":1,"stat.pickup.sky_orchards.acorn_coal":113,"stat.pickup.minecraft.beef":8,"stat.craftItem.mysticalagriculture.crafting":879,"stat.drop.sky_orchards.acorn_dirt":4,"stat.pickup.sky_orchards.acorn_dirt":45,"stat.pickup.sky_orchards.sapling_coal":101,"stat.pickup.compactmachines3.psd":4,"stat.craftItem.minecraft.dropper":2,"stat.pickup.sky_orchards.leaves_coal":32,"stat.pickup.sky_orchards.sapling_copper":1,"stat.pickup.minecraft.lever":5,"stat.deaths":30,"stat.pickup.minecraft.egg":26,"stat.pickup.sky_orchards.sapling_lapis":1,"stat.pickup.storagenetwork.remote":1,"stat.useItem.sky_orchards.sapling_sand":2,"stat.chestOpened":847,"stat.pickup.inspirations.stone_crook":3,"stat.pickup.minecraft.arrow":51,"stat.craftItem.mekanism.machineblock":1,"stat.craftItem.minecraft.coal":15,"stat.craftItem.buildinggadgets.buildingtool":1,"stat.pickup.minecraft.carrot":48,"stat.crouchOneCm":35775,"stat.drop.cyclicmagic.item_pump":2,"stat.craftItem.minecraft.diamond":18,"stat.mineBlock.minecraft.chest":1,"stat.craftItem.minecraft.iron_ingot":97,"stat.pickup.rustic.grape_stem":1,"stat.pickup.bonsaitrees.bonsaipot":163,"stat.craftItem.minecraft.hopper":2,"stat.craftingTableInteraction":138,"stat.drop.compactmachines3.psd":2,"stat.drop.sky_orchards.resin_iron":5,"stat.craftItem.tconstruct.pattern":48,"stat.pickup.sky_orchards.sapling_tin":1,"stat.pickup.sky_orchards.acorn_redstone":5,"stat.pickup.minecraft.dye":37,"stat.pickup.minecraft.planks":19,"stat.pickup.sky_orchards.resin_iron":6,"stat.pickup.minecraft.wheat_seeds":1,"stat.craftItem.sky_orchards.acorn_iron":32,"stat.drop.mysticalagriculture.crafting":10,"stat.drop.sky_orchards.leaves_quartz":2,"stat.mineBlock.minecraft.dirt":16,"stat.pickup.sky_orchards.acorn_iron":40,"stat.pickup.sky_orchards.sapling_iron":1,"stat.drop.minecraft.rotten_flesh":2,"stat.useItem.minecraft.cobblestone":7,"stat.pickup.appliedenergistics2.energy_acceptor":1,"stat.pickup.cyclicmagic.sprout_seed":1,"stat.drop.bonsaitrees.bonsaipot":4,"stat.pickup.sky_orchards.resin_gravel":181,"stat.drop.xlfoodmod.coffee_cup":1,"stat.craftItem.minecraft.gold_ingot":171,"stat.pickup.minecraft.chicken":1,"stat.craftItem.minecraft.planks":552,"stat.itemEnchanted":2,"stat.drop.storagenetwork.remote":1,"stat.pickup.minecraft.book":71,"stat.mineBlock.sky_orchards.log_cottonwood":9,"stat.useItem.minecraft.wooden_axe":169,"stat.pickup.tp.fmf_block":1,"stat.useItem.thermalfoundation.tool.bow_diamond":71,"stat.mineBlock.minecraft.cobblestone":119,"stat.pickup.minecraft.flint":2,"stat.killEntity.Human":11,"stat.useItem.cyclicmagic.cyclic_wand_build":259,"stat.craftItem.minecraft.wool":14,"stat.pickup.pickletweaks.coal_piece":5,"stat.drop.minecraft.cobblestone":157,"stat.useItem.minecraft.stone_slab2":97,"stat.pickup.minecraft.iron_boots":1,"stat.pickup.minecraft.chorus_fruit_popped":4,"stat.craftItem.minecraft.furnace":2,"stat.drop.minecraft.end_crystal":1,"stat.useItem.minecraft.egg":26,"stat.craftItem.minecraft.cooked_beef":30,"stat.mineBlock.minecraft.obsidian":1,"stat.mineBlock.sky_orchards.leaves_dirt":369,"stat.craftItem.sky_orchards.amber_gold":12,"stat.craftItem.cyclicmagic.item_pump":2,"stat.flyOneCm":353013,"stat.pickup.mekanism.enrichedalloy":1,"stat.mineBlock.sky_orchards.leaves_coal":46,"stat.timeSinceDeath":23776,"stat.useItem.minecraft.wooden_slab":28,"stat.craftItem.minecraft.iron_block":1,"stat.craftItem.minecraft.concrete_powder":48,"stat.pickup.sky_orchards.acorn_lead":1,"stat.killEntity.Creeper":1,"stat.useItem.tp.toasted_bread":1,"stat.pickup.minecraft.string":10,"stat.craftItem.darkutils.fake_tnt":3,"stat.pickup.tombstone.crafting_ingredient":4,"stat.useItem.sky_orchards.sapling_petrified":22,"stat.sprintOneCm":657751,"stat.craftItem.minecraft.wooden_axe":3,"stat.mineBlock.sky_orchards.leaves_petrified":903,"stat.pickup.sky_orchards.sapling_emerald":10,"stat.craftItem.valkyrielib.modifier_speed":41,"stat.pickup.sky_orchards.leaves_gravel":1,"stat.pickup.inspirations.wooden_crook":6,"stat.drop.tombstone.grave_key":2,"stat.pickup.tombstone.grave_key":1,"stat.pickup.darkutils.fake_tnt":2,"stat.mineBlock.bonsaitrees.bonsaipot":165,"stat.pickup.minecraft.iron_block":5,"stat.killEntity.Zombie":4,"stat.craftItem.minecraft.dye":36,"stat.pickup.buildinggadgets.buildingtool":2,"stat.diveOneCm":2831,"stat.pickup.minecraft.wheat":1,"stat.pickup.tconstruct.tooltables":1,"stat.pickup.minecraft.sign":2,"stat.pickup.minecraft.stone_axe":1,"stat.mineBlock.darkutils.fake_tnt":1,"stat.useItem.bonsaitrees.bonsaipot":115,"stat.pickup.minecraft.obsidian":3,"stat.pickup.mysticalagriculture.tier3_inferium_seeds":4,"stat.pickup.sky_orchards.resin_clay":39,"stat.craftItem.minecraft.diamond_sword":1,"stat.jump":2626,"stat.pickup.minecraft.iron_ingot":6,"stat.craftItem.minecraft.lever":2,"stat.pickup.minecraft.gunpowder":244,"stat.mineBlock.sky_orchards.log_sand":17,"stat.pickup.minecraft.dirt":161,"stat.pickup.sky_orchards.resin_bone":101,"stat.damageTaken":9675,"stat.mineBlock.minecraft.torch":5,"stat.pickup.sky_orchards.sapling_clay":34,"stat.pickup.statues.blockplayerstatue":12,"stat.killEntity.bouncy_creepers.bouncy_creeper":1,"stat.pickup.nuclearcraft.gem_dust":1,"stat.useItem.minecraft.chest":11,"stat.pickup.minecraft.diamond_pickaxe":3,"stat.pickup.sky_orchards.sapling_bone":15,"stat.drop.valkyrielib.modifier_component":16,"stat.pickup.sky_orchards.leaves_sand":24,"stat.craftItem.sky_orchards.amber_gravel":10,"stat.craftItem.mekanism.ingot":24,"stat.pickup.sky_orchards.sapling_donut":32,"stat.drop.inspirations.wooden_crook":13,"stat.craftItem.minecraft.iron_chestplate":1,"stat.pickup.minecraft.ender_pearl":4,"stat.craftItem.minecraft.bookshelf":25,"stat.drop.minecraft.lever":1,"stat.pickup.twilightforest.raw_venison":3,"stat.mobKills":39,"stat.mineBlock.minecraft.bookshelf":1,"stat.pickup.minecraft.beetroot_seeds":1,"stat.pickup.minecraft.torch":6,"stat.craftItem.mekanism.controlcircuit":3,"stat.drop.minecraft.stone_axe":1,"stat.drop.minecraft.arrow":1,"stat.mineBlock.sky_orchards.log_petrified":86,"stat.pickup.valkyrielib.modifier_component":12,"stat.useItem.sky_orchards.sapling_cottonwood":1,"stat.useItem.minecraft.bookshelf":22,"stat.mineBlock.cyclicmagic.item_pipe":1,"stat.pickup.minecraft.lapis_block":4,"stat.pickup.sky_orchards.resin_lead":1,"stat.useItem.minecraft.planks":2,"stat.pickup.minecraft.blaze_powder":2,"stat.craftItem.mysticalagriculture.platinum_seeds":1,"stat.drop.mekanism.machineblock":2,"stat.craftItem.mekanism.basicblock":1,"stat.useItem.minecraft.ender_pearl":1,"stat.pickup.inspirations.mulch":35,"stat.craftItem.minecraft.wooden_hoe":1,"stat.hopperInspected":1,"stat.drop.minecraft.diamond":8,"stat.pickup.sky_orchards.sapling_nickel":1,"stat.pickup.mekanismgenerators.generator":1,"stat.trappedChestTriggered":80,"stat.pickup.telepastries.overworld_cake":1,"stat.pickup.integrateddynamics.menril_leaves":1,"stat.pickup.vc.airships/item_airship":1,"stat.craftItem.thermalfoundation.material":22,"stat.pickup.mysticalagriculture.tier2_inferium_seeds":19,"stat.useItem.darkutils.fake_tnt":4,"stat.pickup.minecraft.iron_chestplate":2,"stat.pickup.minecraft.skull":1,"stat.useItem.minecraft.stone_stairs":1,"stat.craftItem.minecraft.sand":39,"stat.craftItem.minecraft.heavy_weighted_pressure_plate":2,"stat.playOneMinute":883543,"stat.drop.sky_orchards.leaves_bone":1,"stat.pickup.minecraft.diamond_block":1,"stat.drop.statues.blockplayerstatue":9,"stat.drop.cyclicmagic.item_pipe":24,"stat.pickup.sky_orchards.acorn_petrified":122,"stat.useItem.inspirations.wooden_crook":1530,"stat.pickup.sky_orchards.resin_sand":63,"stat.craftItem.minecraft.iron_nugget":36,"stat.pickup.sky_orchards.resin_gold":4,"stat.fallOneCm":1053385,"stat.pickup.sky_orchards.leaves_bone":1,"stat.pickup.sky_orchards.sapling_cobalt":1,"stat.drop.sky_orchards.leaves_gravel":1,"stat.craftItem.minecraft.chest":13,"stat.mineBlock.minecraft.lever":3,"stat.mineBlock.sky_orchards.leaves_sand":67,"stat.pickup.sky_orchards.sapling_sand":59,"stat.pickup.minecraft.feather":2,"stat.pickup.minecraft.iron_leggings":2,"stat.mineBlock.sky_orchards.sapling_petrified":4,"stat.craftItem.minecraft.iron_leggings":1,"stat.mineBlock.sky_orchards.log_bone":8,"stat.pickup.sky_orchards.sapling_prosperity":8,"stat.drop.minecraft.stick":64,"stat.craftItem.integrateddynamics.squeezer":1,"stat.pickup.mekanism.ingot":15,"stat.useItem.minecraft.torch":1,"stat.pickup.sky_orchards.leaves_clay":6,"stat.pickup.minecraft.iron_nugget":6,"stat.craftItem.minecraft.redstone_block":36,"stat.pickup.advancementbook.advancement_book":1,"stat.craftItem.minecraft.stone_stairs":56,"stat.pickup.sky_orchards.acorn_gold":16,"stat.craftItem.minecraft.crafting_table":1,"stat.pickup.minecraft.redstone_block":11,"stat.pickup.minecraft.log":368,"stat.useItem.sky_orchards.acorn_iron":6,"stat.pickup.mekanism.machineblock":1,"stat.pickup.matteroverdrive.rogue_android_part":2,"stat.pickup.sky_orchards.acorn_sand":121,"stat.drop.appliedenergistics2.energy_acceptor":1,"stat.entityKilledBy.Enderman":1,"stat.drop.sky_orchards.resin_gold":64,"stat.mineBlock.sky_orchards.log_clay":14,"stat.drop.sky_orchards.acorn_gold":64,"stat.drop.tconstruct.edible":7,"stat.useItem.sky_orchards.sapling_coal":3,"stat.sneakTime":13203,"stat.pickup.rustic.chili_pepper_seeds":1,"stat.useItem.tconstruct.slime_congealed":1,"stat.useItem.sky_orchards.sapling_dirt":3,"stat.drop.minecraft.wooden_axe":2,"stat.pickup.minecraft.chest":9,"stat.pickup.minecraft.bone":27,"stat.pickup.sky_orchards.resin_dirt":11,"stat.useItem.minecraft.diamond_sword":100,"stat.craftItem.sky_orchards.amber_iron":22,"stat.swimOneCm":667,"stat.pickup.tconstruct.slime_leaves":2,"stat.drop.minecraft.brown_mushroom":1,"stat.useItem.sky_orchards.sapling_bone":2,"stat.useItem.minecraft.dirt":6,"stat.pickup.minecraft.purpur_block":1,"stat.pickup.mysticalagriculture.infusion_crystal":2,"stat.pickup.minecraft.cobblestone":309,"stat.mineBlock.minecraft.redstone_block":1,"stat.pickup.sky_orchards.resin_coal":105,"stat.craftItem.minecraft.wooden_slab":48,"stat.craftItem.sky_orchards.amber_lapis":16,"stat.useItem.minecraft.cooked_beef":3,"stat.pickup.minecraft.cactus":88,"stat.pickup.sky_orchards.sapling_petrified":144,"stat.pickup.minecraft.redstone":18,"stat.craftItem.minecraft.book":16,"stat.mineBlock.sky_orchards.leaves_cottonwood":88,"stat.killEntity.ranged_rogue_android":3,"stat.mineBlock.mekanismgenerators.generator":1,"stat.pickup.minecraft.wooden_axe":1,"stat.pickup.sky_orchards.leaves_diamond":1,"stat.drop.minecraft.dirt":4,"stat.useItem.sky_orchards.sapling_clay":1,"stat.useItem.xlfoodmod.coffee":1,"stat.useItem.tconstruct.edible":9,"stat.craftItem.minecraft.brick_block":19,"stat.mineBlock.sky_orchards.leaves_clay":105,"stat.craftItem.mekanism.energytablet":4,"stat.pickup.sky_orchards.sapling_cottonwood":9,"stat.craftItem.minecraft.stone_slab2":0,"stat.craftItem.minecraft.stick":88,"stat.useItem.minecraft.diamond_pickaxe":12,"stat.useItem.minecraft.carrot":26,"stat.pickup.sky_orchards.amber_gravel":10,"stat.craftItem.minecraft.clay_ball":148,"stat.pickup.minecraft.diamond_chestplate":1,"stat.mineBlock.minecraft.planks":1,"stat.drop":114,"stat.craftItem.minecraft.clay":37,"stat.pickup.sky_orchards.acorn_cottonwood":131,"stat.mineBlock.sky_orchards.leaves_bone":99,"stat.pickup.minecraft.gravel":50,"stat.craftItem.minecraft.brick_stairs":12,"stat.pickup.minecraft.diamond_sword":2,"stat.pickup.minecraft.brick":30,"stat.useItem.minecraft.wooden_hoe":2,"stat.craftItem.bonsaitrees.bonsaipot":4,"stat.useItem.minecraft.stone_axe":130,"stat.pickup.minecraft.spider_eye":12,"stat.pickup.tconstruct.slime_congealed":1,"stat.drop.vc.airships/item_airship":1,"stat.pickup.minecraft.leather":3,"stat.pickup.minecraft.end_crystal":1,"stat.pickup.mysticalagriculture.crafting":472,"stat.pickup.minecraft.reeds":60,"stat.pickup.sky_orchards.sapling_quartz":1,"stat.pickup.sky_orchards.sapling_osmium":2,"stat.damageDealt":3724,"stat.craftItem.minecraft.glass":4,"stat.sleepInBed":2,"stat.pickup.minecraft.end_bricks":4,"stat.killEntity.Cow":2,"stat.craftItem.minecraft.gravel":43,"stat.pickup.sky_orchards.acorn_bone":155,"stat.walkOneCm":2733768,"stat.pickup.ceramics.clay_bucket":1,"stat.pickup.sky_orchards.resin_donut":163,"stat.playerKills":2,"stat.pickup.minecraft.stick":344,"stat.craftItem.cyclicmagic.item_pipe":24,"stat.pickup.minecraft.clay_ball":2,"stat.craftItem.inspirations.wooden_crook":12,"stat.pickup.sky_orchards.acorn_clay":114,"stat.useItem.sky_orchards.acorn_redstone":3,"stat.pickup.sky_orchards.acorn_emerald":199,"stat.craftItem.thermalfoundation.tool.bow_diamond":1,"stat.pickup.sky_orchards.acorn_gravel":203,"stat.craftItem.mekanismgenerators.generator":1,"stat.drop.sky_orchards.sapling_coal":4,"stat.pickup.sky_orchards.acorn_silver":64,"stat.craftItem.minecraft.redstone":270,"stat.killEntity.twilightforest.deer":1,"stat.pickup.sky_orchards.sapling_gravel":11,"stat.pickup.minecraft.chorus_fruit":3,"stat.pickup.minecraft.gold_ingot":11,"stat.killEntity.Skeleton":1,"stat.mineBlock.minecraft.cactus":4,"stat.useItem.sky_orchards.acorn_clay":4,"stat.craftItem.mekanismgenerators.turbineblade":1,"stat.killEntity.Chicken":6,"stat.pickup.cyclicmagic.item_pipe":15,"stat.killEntity.Spider":2,"stat.drop.sky_orchards.resin_clay":1,"stat.pickup.sky_orchards.sapling_ardite":1,"stat.craftItem.valkyrielib.modifier_component":48,"stat.craftItem.minecraft.brick":118}