{"stat.pickup.valkyrielib.modifier_component":12,"stat.mineBlock.sky_orchards.log_coal":16,"stat.pickup.minecraft.wooden_slab":24,"stat.useItem.sky_orchards.sapling_cottonwood":1,"stat.leaveGame":10,"stat.craftItem.mysticalagriculture.infusion_crystal":1,"stat.useItem.minecraft.bookshelf":18,"stat.mineBlock.cyclicmagic.item_pipe":1,"stat.craftItem.sky_orchards.amber_osmium":12,"stat.pickup.minecraft.lapis_block":4,"stat.useItem.minecraft.planks":2,"stat.pickup.minecraft.blaze_powder":2,"stat.craftItem.mysticalagriculture.platinum_seeds":1,"stat.mineBlock.sky_orchards.log_dirt":6,"stat.drop.mekanism.machineblock":2,"stat.pickup.sky_orchards.resin_cottonwood":12,"stat.pickup.minecraft.rotten_flesh":144,"stat.pickup.sky_orchards.sapling_dirt":60,"stat.craftItem.mekanism.basicblock":1,"stat.craftItem.minecraft.stone_axe":1,"stat.killEntity.Enderman":3,"stat.drop.valkyrielib.modifier_speed":41,"stat.mineBlock.minecraft.wooden_slab":1,"stat.pickup.minecraft.brown_mushroom":4,"stat.pickup.inspirations.mulch":29,"stat.pickup.sky_orchards.resin_petrified":115,"stat.craftItem.minecraft.wooden_hoe":1,"stat.pickup.cyclicmagic.cyclic_wand_build":1,"stat.hopperInspected":1,"stat.drop.minecraft.diamond":8,"stat.craftItem.mekanism.energycube":2,"stat.pickup.mekanismgenerators.generator":1,"stat.trappedChestTriggered":6,"stat.pickup.thermalfoundation.material":19,"stat.furnaceInteraction":65,"stat.useItem.statues.blockplayerstatue":1,"stat.pickup.vc.airships/item_airship":1,"stat.craftItem.thermalfoundation.material":22,"stat.drop.buildinggadgets.buildingtool":1,"stat.pickup.sky_orchards.acorn_coal":113,"stat.pickup.minecraft.beef":8,"stat.craftItem.mysticalagriculture.crafting":879,"stat.pickup.mysticalagriculture.tier2_inferium_seeds":19,"stat.useItem.darkutils.fake_tnt":4,"stat.drop.sky_orchards.acorn_dirt":4,"stat.pickup.sky_orchards.acorn_dirt":45,"stat.pickup.minecraft.iron_chestplate":1,"stat.pickup.sky_orchards.sapling_coal":100,"stat.pickup.minecraft.skull":1,"stat.useItem.minecraft.stone_stairs":1,"stat.craftItem.minecraft.sand":39,"stat.pickup.compactmachines3.psd":3,"stat.craftItem.minecraft.dropper":2,"stat.pickup.sky_orchards.leaves_coal":32,"stat.craftItem.minecraft.heavy_weighted_pressure_plate":2,"stat.pickup.sky_orchards.sapling_copper":1,"stat.pickup.minecraft.lever":5,"stat.deaths":28,"stat.pickup.minecraft.egg":26,"stat.playOneMinute":820805,"stat.pickup.sky_orchards.sapling_lapis":1,"stat.pickup.minecraft.diamond_block":1,"stat.pickup.storagenetwork.remote":1,"stat.drop.statues.blockplayerstatue":9,"stat.drop.cyclicmagic.item_pipe":8,"stat.useItem.sky_orchards.sapling_sand":2,"stat.chestOpened":725,"stat.pickup.inspirations.stone_crook":3,"stat.pickup.minecraft.arrow":26,"stat.craftItem.mekanism.machineblock":1,"stat.pickup.sky_orchards.acorn_petrified":122,"stat.useItem.inspirations.wooden_crook":1530,"stat.pickup.sky_orchards.resin_sand":63,"stat.craftItem.minecraft.coal":15,"stat.craftItem.minecraft.iron_nugget":18,"stat.pickup.sky_orchards.resin_gold":4,"stat.craftItem.buildinggadgets.buildingtool":1,"stat.fallOneCm":1049983,"stat.pickup.minecraft.carrot":3,"stat.crouchOneCm":35058,"stat.drop.cyclicmagic.item_pump":2,"stat.craftItem.minecraft.diamond":18,"stat.mineBlock.minecraft.chest":1,"stat.craftItem.minecraft.iron_ingot":81,"stat.craftItem.minecraft.chest":13,"stat.pickup.rustic.grape_stem":1,"stat.mineBlock.minecraft.lever":3,"stat.pickup.bonsaitrees.bonsaipot":157,"stat.craftItem.minecraft.hopper":2,"stat.craftingTableInteraction":130,"stat.drop.compactmachines3.psd":2,"stat.mineBlock.sky_orchards.leaves_sand":67,"stat.pickup.sky_orchards.sapling_sand":59,"stat.drop.sky_orchards.resin_iron":5,"stat.craftItem.tconstruct.pattern":16,"stat.pickup.sky_orchards.acorn_redstone":5,"stat.pickup.minecraft.feather":2,"stat.pickup.minecraft.dye":5,"stat.pickup.minecraft.planks":19,"stat.pickup.sky_orchards.resin_iron":6,"stat.pickup.minecraft.iron_leggings":1,"stat.pickup.minecraft.wheat_seeds":1,"stat.craftItem.sky_orchards.acorn_iron":32,"stat.mineBlock.sky_orchards.sapling_petrified":4,"stat.drop.mysticalagriculture.crafting":10,"stat.craftItem.minecraft.iron_leggings":1,"stat.mineBlock.sky_orchards.log_bone":8,"stat.mineBlock.minecraft.dirt":16,"stat.pickup.sky_orchards.acorn_iron":40,"stat.pickup.sky_orchards.sapling_prosperity":1,"stat.drop.minecraft.stick":64,"stat.craftItem.integrateddynamics.squeezer":1,"stat.pickup.mekanism.ingot":15,"stat.useItem.minecraft.torch":1,"stat.pickup.sky_orchards.leaves_clay":6,"stat.pickup.minecraft.iron_nugget":6,"stat.craftItem.minecraft.redstone_block":36,"stat.drop.minecraft.rotten_flesh":2,"stat.pickup.advancementbook.advancement_book":1,"stat.craftItem.minecraft.stone_stairs":56,"stat.pickup.sky_orchards.acorn_gold":16,"stat.useItem.minecraft.cobblestone":7,"stat.pickup.appliedenergistics2.energy_acceptor":1,"stat.craftItem.minecraft.crafting_table":1,"stat.pickup.cyclicmagic.sprout_seed":1,"stat.pickup.minecraft.redstone_block":11,"stat.drop.bonsaitrees.bonsaipot":4,"stat.pickup.minecraft.log":362,"stat.useItem.sky_orchards.acorn_iron":6,"stat.pickup.mekanism.machineblock":1,"stat.pickup.sky_orchards.resin_gravel":2,"stat.pickup.matteroverdrive.rogue_android_part":2,"stat.drop.xlfoodmod.coffee_cup":1,"stat.craftItem.minecraft.gold_ingot":171,"stat.pickup.sky_orchards.acorn_sand":121,"stat.pickup.minecraft.chicken":1,"stat.drop.appliedenergistics2.energy_acceptor":1,"stat.entityKilledBy.Enderman":1,"stat.craftItem.minecraft.planks":344,"stat.itemEnchanted":1,"stat.drop.storagenetwork.remote":1,"stat.drop.sky_orchards.resin_gold":64,"stat.pickup.minecraft.book":71,"stat.mineBlock.sky_orchards.log_clay":14,"stat.drop.sky_orchards.acorn_gold":64,"stat.drop.tconstruct.edible":7,"stat.useItem.sky_orchards.sapling_coal":3,"stat.sneakTime":12868,"stat.mineBlock.sky_orchards.log_cottonwood":9,"stat.pickup.rustic.chili_pepper_seeds":1,"stat.useItem.minecraft.wooden_axe":169,"stat.useItem.tconstruct.slime_congealed":1,"stat.useItem.sky_orchards.sapling_dirt":3,"stat.drop.minecraft.wooden_axe":2,"stat.pickup.minecraft.chest":9,"stat.pickup.tp.fmf_block":1,"stat.pickup.minecraft.bone":24,"stat.useItem.thermalfoundation.tool.bow_diamond":43,"stat.mineBlock.minecraft.cobblestone":107,"stat.pickup.minecraft.flint":2,"stat.killEntity.Human":7,"stat.pickup.sky_orchards.resin_dirt":11,"stat.useItem.cyclicmagic.cyclic_wand_build":259,"stat.useItem.minecraft.diamond_sword":97,"stat.craftItem.minecraft.wool":14,"stat.pickup.pickletweaks.coal_piece":5,"stat.craftItem.sky_orchards.amber_iron":6,"stat.swimOneCm":667,"stat.drop.minecraft.cobblestone":157,"stat.pickup.tconstruct.slime_leaves":2,"stat.drop.minecraft.brown_mushroom":1,"stat.useItem.sky_orchards.sapling_bone":2,"stat.useItem.minecraft.dirt":6,"stat.useItem.minecraft.stone_slab2":90,"stat.pickup.minecraft.purpur_block":1,"stat.pickup.minecraft.iron_boots":1,"stat.craftItem.minecraft.furnace":2,"stat.drop.minecraft.end_crystal":1,"stat.useItem.minecraft.egg":26,"stat.pickup.mysticalagriculture.infusion_crystal":1,"stat.mineBlock.minecraft.obsidian":1,"stat.mineBlock.sky_orchards.leaves_dirt":369,"stat.pickup.minecraft.cobblestone":165,"stat.craftItem.sky_orchards.amber_gold":12,"stat.craftItem.cyclicmagic.item_pump":2,"stat.mineBlock.minecraft.redstone_block":1,"stat.flyOneCm":288119,"stat.pickup.mekanism.enrichedalloy":1,"stat.mineBlock.sky_orchards.leaves_coal":46,"stat.pickup.sky_orchards.resin_coal":105,"stat.craftItem.minecraft.wooden_slab":48,"stat.craftItem.sky_orchards.amber_lapis":16,"stat.pickup.sky_orchards.sapling_petrified":144,"stat.pickup.minecraft.redstone":18,"stat.timeSinceDeath":11928,"stat.mineBlock.sky_orchards.leaves_cottonwood":88,"stat.useItem.minecraft.wooden_slab":28,"stat.killEntity.ranged_rogue_android":3,"stat.craftItem.minecraft.iron_block":1,"stat.mineBlock.mekanismgenerators.generator":1,"stat.pickup.minecraft.wooden_axe":1,"stat.drop.minecraft.dirt":4,"stat.craftItem.minecraft.concrete_powder":48,"stat.useItem.sky_orchards.sapling_clay":1,"stat.killEntity.Creeper":1,"stat.useItem.xlfoodmod.coffee":1,"stat.useItem.tp.toasted_bread":1,"stat.pickup.minecraft.string":8,"stat.useItem.tconstruct.edible":9,"stat.craftItem.minecraft.brick_block":6,"stat.craftItem.darkutils.fake_tnt":3,"stat.pickup.tombstone.crafting_ingredient":4,"stat.mineBlock.sky_orchards.leaves_clay":105,"stat.craftItem.mekanism.energytablet":4,"stat.pickup.sky_orchards.sapling_cottonwood":9,"stat.craftItem.minecraft.stone_slab2":0,"stat.useItem.sky_orchards.sapling_petrified":22,"stat.sprintOneCm":592639,"stat.craftItem.minecraft.stick":88,"stat.craftItem.minecraft.wooden_axe":3,"stat.mineBlock.sky_orchards.leaves_petrified":903,"stat.pickup.sky_orchards.sapling_emerald":1,"stat.craftItem.valkyrielib.modifier_speed":41,"stat.useItem.minecraft.diamond_pickaxe":10,"stat.useItem.minecraft.carrot":19,"stat.pickup.inspirations.wooden_crook":6,"stat.pickup.sky_orchards.amber_gravel":10,"stat.craftItem.minecraft.clay_ball":100,"stat.pickup.minecraft.diamond_chestplate":1,"stat.mineBlock.minecraft.planks":1,"stat.drop":108,"stat.drop.tombstone.grave_key":1,"stat.pickup.tombstone.grave_key":1,"stat.pickup.darkutils.fake_tnt":2,"stat.mineBlock.bonsaitrees.bonsaipot":159,"stat.pickup.minecraft.iron_block":5,"stat.killEntity.Zombie":3,"stat.craftItem.minecraft.dye":36,"stat.pickup.buildinggadgets.buildingtool":1,"stat.craftItem.minecraft.clay":25,"stat.diveOneCm":2831,"stat.pickup.minecraft.wheat":1,"stat.pickup.tconstruct.tooltables":1,"stat.pickup.sky_orchards.acorn_cottonwood":12,"stat.pickup.minecraft.sign":2,"stat.mineBlock.sky_orchards.leaves_bone":99,"stat.pickup.minecraft.gravel":50,"stat.pickup.minecraft.stone_axe":1,"stat.mineBlock.darkutils.fake_tnt":1,"stat.useItem.bonsaitrees.bonsaipot":115,"stat.pickup.minecraft.obsidian":3,"stat.pickup.mysticalagriculture.tier3_inferium_seeds":4,"stat.pickup.sky_orchards.resin_clay":39,"stat.craftItem.minecraft.brick_stairs":4,"stat.pickup.minecraft.diamond_sword":1,"stat.craftItem.minecraft.diamond_sword":1,"stat.pickup.minecraft.brick":30,"stat.jump":2296,"stat.useItem.minecraft.wooden_hoe":2,"stat.pickup.minecraft.iron_ingot":6,"stat.craftItem.bonsaitrees.bonsaipot":4,"stat.craftItem.minecraft.lever":2,"stat.useItem.minecraft.stone_axe":130,"stat.pickup.minecraft.gunpowder":180,"stat.pickup.minecraft.spider_eye":12,"stat.mineBlock.sky_orchards.log_sand":17,"stat.pickup.minecraft.dirt":161,"stat.pickup.tconstruct.slime_congealed":1,"stat.drop.vc.airships/item_airship":1,"stat.pickup.sky_orchards.resin_bone":12,"stat.damageTaken":8632,"stat.pickup.minecraft.leather":3,"stat.mineBlock.minecraft.torch":5,"stat.pickup.minecraft.end_crystal":1,"stat.pickup.mysticalagriculture.crafting":472,"stat.pickup.minecraft.reeds":60,"stat.pickup.sky_orchards.sapling_clay":33,"stat.pickup.sky_orchards.sapling_quartz":1,"stat.pickup.statues.blockplayerstatue":11,"stat.killEntity.bouncy_creepers.bouncy_creeper":1,"stat.pickup.sky_orchards.sapling_osmium":1,"stat.damageDealt":3556,"stat.craftItem.minecraft.glass":4,"stat.sleepInBed":2,"stat.pickup.minecraft.end_bricks":4,"stat.pickup.nuclearcraft.gem_dust":1,"stat.killEntity.Cow":2,"stat.craftItem.minecraft.gravel":43,"stat.pickup.sky_orchards.acorn_bone":8,"stat.walkOneCm":2517597,"stat.pickup.ceramics.clay_bucket":1,"stat.useItem.minecraft.chest":11,"stat.playerKills":1,"stat.pickup.minecraft.stick":270,"stat.pickup.minecraft.diamond_pickaxe":2,"stat.pickup.sky_orchards.sapling_bone":15,"stat.craftItem.cyclicmagic.item_pipe":8,"stat.pickup.minecraft.clay_ball":2,"stat.craftItem.inspirations.wooden_crook":12,"stat.pickup.sky_orchards.acorn_clay":50,"stat.drop.valkyrielib.modifier_component":16,"stat.pickup.sky_orchards.leaves_sand":24,"stat.craftItem.sky_orchards.amber_gravel":10,"stat.useItem.sky_orchards.acorn_redstone":3,"stat.craftItem.mekanism.ingot":24,"stat.pickup.sky_orchards.sapling_donut":2,"stat.craftItem.thermalfoundation.tool.bow_diamond":1,"stat.drop.inspirations.wooden_crook":13,"stat.pickup.sky_orchards.acorn_gravel":11,"stat.craftItem.mekanismgenerators.generator":1,"stat.craftItem.minecraft.iron_chestplate":1,"stat.drop.sky_orchards.sapling_coal":4,"stat.pickup.sky_orchards.acorn_silver":64,"stat.craftItem.minecraft.redstone":270,"stat.killEntity.twilightforest.deer":1,"stat.pickup.minecraft.ender_pearl":2,"stat.pickup.sky_orchards.sapling_gravel":9,"stat.pickup.minecraft.gold_ingot":11,"stat.killEntity.Skeleton":1,"stat.craftItem.minecraft.bookshelf":20,"stat.drop.minecraft.lever":1,"stat.useItem.sky_orchards.acorn_clay":4,"stat.craftItem.mekanismgenerators.turbineblade":1,"stat.killEntity.Chicken":6,"stat.pickup.cyclicmagic.item_pipe":15,"stat.killEntity.Spider":1,"stat.drop.sky_orchards.resin_clay":1,"stat.pickup.twilightforest.raw_venison":3,"stat.mobKills":33,"stat.mineBlock.minecraft.bookshelf":1,"stat.craftItem.valkyrielib.modifier_component":48,"stat.pickup.minecraft.beetroot_seeds":1,"stat.pickup.minecraft.torch":4,"stat.craftItem.mekanism.controlcircuit":3,"stat.drop.minecraft.stone_axe":1,"stat.drop.minecraft.arrow":1,"stat.craftItem.minecraft.brick":64,"stat.mineBlock.sky_orchards.log_petrified":86}