{"stat.craftItem.sky_orchards.amber_cobalt":3,"stat.craftItem.mysticalagriculture.infusion_crystal":2,"stat.useItem.chineseworkshop.oak_wall":81,"stat.pickup.bdsandm.wood_crate":1,"stat.drop.minecraft.redstone":20,"stat.craftItem.sky_orchards.amber_bone":12,"stat.mineBlock.minecraft.stained_glass":2,"stat.pickup.tconstruct.faucet":4,"stat.mineBlock.minecraft.web":10,"stat.useItem.xlfoodmod.cooked_dough":21,"stat.mineBlock.sky_orchards.log_dirt":106,"stat.drop.sky_orchards.sapling_redstone":2,"stat.craftItem.chineseworkshop.thin_wall_w":360,"stat.pickup.minecraft.rotten_flesh":65,"stat.mineBlock.nuclearcraft.manufactory_idle":1,"stat.pickup.uppers.upper":1,"stat.craftItem.minecraft.stone_axe":5,"stat.pickup.minecraft.bucket":2,"stat.killEntity.Enderman":18,"stat.drop.compactmachines3.fieldprojector":1,"stat.mineBlock.minecraft.end_stone":17,"stat.craftItem.sky_orchards.amber_ardite":47,"stat.useItem.minecraft.iron_pickaxe":223,"stat.pickup.minecraft.stained_hardened_clay":14,"stat.useItem.nuclearcraft.ore":4,"stat.drop.sky_orchards.sapling_iron":1,"stat.mineBlock.chisel.marble2":6,"stat.furnaceInteraction":244,"stat.drop.cyclicmagic.tool_elevate":1,"stat.pickup.minecraft.nether_brick":65,"stat.craftItem.sky_orchards.acorn_dirt":2,"stat.pickup.sky_orchards.acorn_coal":18,"stat.useItem.twilightforest.cooked_venison":9,"stat.pickup.sky_orchards.acorn_dirt":52,"stat.useItem.rustic.wildberries":3,"stat.mineBlock.tconstruct.ore":188,"stat.useItem.minecraft.flint_and_steel":13,"stat.useItem.minecraft.wheat_seeds":32,"stat.craftItem.morecauldrons.cobble_cauldron":1,"stat.pickup.minecraft.lever":1,"stat.deaths":20,"stat.pickup.minecraft.egg":44,"stat.pickup.xlfoodmod.raw_corn":20,"stat.pickup.compactmachines3.machine":4,"stat.craftItem.minecraft.iron_pickaxe":2,"stat.pickup.sky_orchards.sapling_lapis":2,"stat.craftItem.conarm.armorstation":2,"stat.pickup.minecraft.item_frame":1,"stat.drop.minecraft.iron_ingot":1,"stat.craftItem.minecraft.cooked_mutton":2,"stat.useItem.sky_orchards.sapling_sand":26,"stat.chestOpened":1605,"stat.mineBlock.rustic.chamomile":1,"stat.pickup.sky_orchards.acorn_cobalt":3,"stat.pickup.rustic.chamomile":3,"stat.craftItem.minecraft.quartz_block":70,"stat.pickup.minecraft.gold_nugget":7,"stat.pickup.telepastries.twilight_cake":1,"stat.craftItem.minecraft.coal":120,"stat.craftItem.sky_orchards.sapling_redstone":1,"stat.pickup.minecraft.carrot":7,"stat.crouchOneCm":170673,"stat.craftItem.minecraft.diamond":224,"stat.craftItem.minecraft.iron_ingot":61,"stat.pickup.bonsaitrees.bonsaipot":79,"stat.craftingTableInteraction":175,"stat.craftItem.tconstruct.pattern":152,"stat.drop.matteroverdrive.dilithium_crystal":1,"stat.pickup.minecraft.dye":57,"stat.pickup.minecraft.planks":72,"stat.pickup.chisel.limestone2":12,"stat.useItem.chineseworkshop.thin_wall_w":219,"stat.craftItem.tconstruct.seared_furnace_controller":1,"stat.pickup.thermaldynamics.duct_16":6,"stat.pickup.sky_orchards.acorn_prosperity":11,"stat.mineBlock.minecraft.ender_chest":1,"stat.mineBlock.xlfoodmod.grass":10,"stat.craftItem.thermaldynamics.duct_16":6,"stat.pickup.compactstorage.compactchest":1,"stat.pickup.tconstruct.pattern":3,"stat.pickup.appliedenergistics2.energy_acceptor":2,"stat.killEntity.twilightforest.slime_beetle":39,"stat.pickup.tconstruct.pickaxe":2,"stat.drop.tconstruct.soil":1,"stat.mineBlock.sky_orchards.sapling_clay":2,"stat.drop.bonsaitrees.bonsaipot":1,"stat.drop.yoyos.yoyo":1,"stat.pickup.sky_orchards.resin_gravel":254,"stat.pickup.yoyos.yoyo":2,"stat.pickup.sky_orchards.resin_silver":64,"stat.pickup.minecraft.chicken":8,"stat.mineBlock.twilightforest.twilight_leaves":3,"stat.pickup.telepastries.nether_cake":1,"stat.pickup.minecraft.end_stone":15,"stat.craftItem.minecraft.bucket":1,"stat.craftItem.minecraft.planks":1344,"stat.craftItem.minecraft.dirt":1,"stat.pickup.minecraft.book":65,"stat.pickup.appliedenergistics2.part":1,"stat.pickup.tp.fmf_block":1,"stat.mineBlock.sky_orchards.leaves_prosperity":96,"stat.mineBlock.cookingforblockheads.sink":3,"stat.mineBlock.minecraft.cobblestone":119,"stat.pickup.minecraft.flint":56,"stat.killEntity.Human":51,"stat.useItem.cyclicmagic.cyclic_wand_build":11,"stat.pickup.minecraft.flower_pot":1,"stat.mineBlock.minecraft.stained_glass_pane":2,"stat.useItem.thermaldynamics.duct_16":6,"stat.mineBlock.morecauldrons.oak_cauldron":1,"stat.useItem.minecraft.stone_slab2":300,"stat.pickup.minecraft.iron_boots":8,"stat.craftItem.minecraft.furnace":11,"stat.craftItem.minecraft.lapis_block":21,"stat.pickup.thermalfoundation.ore":35,"stat.craftItem.minecraft.iron_boots":2,"stat.pickup.cyclicmagic.tool_auto_torch":1,"stat.mineBlock.morecauldrons.cobble_cauldron":3,"stat.useItem.minecraft.wooden_slab":90,"stat.drop.minecraft.spider_eye":1,"stat.craftItem.minecraft.iron_block":1,"stat.drop.mysticalagriculture.tier3_inferium_seeds":1,"stat.craftItem.telepastries.overworld_cake":1,"stat.pickup.xlfoodmod.cucumber_seeds":5,"stat.pickup.twilightforest.naga_scale":2,"stat.pickup.sky_orchards.acorn_lead":90,"stat.killEntity.Creeper":61,"stat.pickup.tombstone.crafting_ingredient":13,"stat.drop.minecraft.obsidian":2,"stat.craftItem.tconstruct.stone_stick":32,"stat.killEntity.twilightforest.pinch_beetle":17,"stat.sprintOneCm":1822983,"stat.mineBlock.minecraft.stone_slab":7,"stat.pickup.twilightforest.steeleaf_ingot":3,"stat.useItem.carryon.tile_item":3,"stat.mineBlock.sky_orchards.leaves_petrified":27,"stat.craftItem.chineseworkshop.upper_door_frame":132,"stat.useItem.sky_orchards.acorn_lead":2,"stat.pickup.inspirations.wooden_crook":1,"stat.pickup.cookingforblockheads.sink":2,"stat.pickup.tconstruct.nuggets":6,"stat.mineBlock.sky_orchards.log_lead":28,"stat.pickup.minecraft.sugar":6,"stat.pickup.ironjetpacks.iron_jetpack":1,"stat.drop.tombstone.grave_key":3,"stat.pickup.tombstone.grave_key":2,"stat.mineBlock.bonsaitrees.bonsaipot":65,"stat.pickup.minecraft.iron_block":51,"stat.killEntity.Zombie":53,"stat.craftItem.minecraft.dye":192,"stat.mineBlock.tp.maloberry_bush":1,"stat.craftItem.minecraft.diamond_axe":1,"stat.mineBlock.minecraft.gold_ore":23,"stat.craftItem.minecraft.slime_ball":4,"stat.drop.minecraft.diamond_pickaxe":1,"stat.pickup.minecraft.wheat":142,"stat.drop.sky_orchards.sapling_clay":1,"stat.mineBlock.tconstruct.seared_furnace_controller":1,"stat.craftItem.minecraft.cooked_porkchop":10,"stat.mineBlock.tconstruct.slime_leaves":56,"stat.mineBlock.darkutils.fake_tnt":1,"stat.pickup.minecraft.obsidian":18,"stat.pickup.sky_orchards.resin_clay":151,"stat.pickup.xlfoodmod.onion":3,"stat.pickup.minecraft.coal":191,"stat.pickup.minecraft.iron_ingot":5,"stat.pickup.minecraft.gunpowder":60,"stat.mineBlock.sky_orchards.log_sand":133,"stat.pickup.minecraft.dirt":89,"stat.mineBlock.minecraft.lapis_ore":6,"stat.brewingstandInteraction":3,"stat.mineBlock.minecraft.red_flower":5,"stat.mineBlock.minecraft.torch":95,"stat.pickup.minecraft.magma_cream":2,"stat.pickup.minecraft.rabbit_hide":1,"stat.pickup.sky_orchards.sapling_clay":109,"stat.pickup.statues.blockplayerstatue":6,"stat.killEntity.bouncy_creepers.bouncy_creeper":9,"stat.pickup.sky_orchards.amber_lapis":3,"stat.pickup.minecraft.shulker_shell":2,"stat.craftItem.tconstruct.smeltery_io":1,"stat.useItem.minecraft.lava_bucket":1,"stat.useItem.sky_orchards.sapling_lead":5,"stat.drop.inspirations.wooden_crook":5,"stat.useItem.minecraft.stained_hardened_clay":4,"stat.craftItem.conarm.boots":8,"stat.mobKills":742,"stat.pickup.minecraft.diamond_boots":1,"stat.mineBlock.minecraft.bookshelf":18,"stat.mineBlock.tconstruct.wooden_hopper":1,"stat.pickup.minecraft.diamond":38,"stat.pickup.minecraft.beetroot_seeds":2,"stat.mineBlock.compactmachines3.fieldprojector":8,"stat.mineBlock.sky_orchards.log_petrified":4,"stat.mineBlock.tp.old_reed":1,"stat.pickup.tconstruct.frypan":1,"stat.mineBlock.industrialforegoing.fluid_pump":8,"stat.pickup.cyclicmagic.energy_pipe":3,"stat.killEntity.Blaze":29,"stat.pickup.sky_orchards.resin_lead":41,"stat.drop.tconstruct.pickaxe":2,"stat.pickup.minecraft.golden_boots":1,"stat.pickup.minecraft.glowstone_dust":24,"stat.pickup.compactmachines3.fieldprojector":8,"stat.craftItem.tconstruct.casting":4,"stat.mineBlock.twilightforest.twilight_log":85,"stat.pickup.twilightforest.naga_leggings":2,"stat.mineBlock.minecraft.sand":4,"stat.pickup.storagenetwork.request":2,"stat.pickup.inspirations.mulch":53,"stat.hopperInspected":1,"stat.drop.minecraft.diamond":1,"stat.pickup.tconstruct.slime_sapling":16,"stat.pickup.chineseworkshop.oak_wall":24,"stat.pickup.darkutils.shulker_pearl":11,"stat.useItem.tconstruct.channel":16,"stat.killEntity.twilightforest.bunny":1,"stat.trappedChestTriggered":8,"stat.craftItem.tconstruct.nuggets":18,"stat.pickup.telepastries.overworld_cake":1,"stat.craftItem.thermalfoundation.material":45,"stat.useItem.minecraft.cooked_mutton":2,"stat.useItem.telepastries.overworld_cake":2,"stat.pickup.rftoolspower.cell3":1,"stat.pickup.compactmachines3.tunneltool":5,"stat.useItem.tconstruct.scythe":1,"stat.pickup.tconstruct.slime_dirt":7,"stat.pickup.minecraft.blaze_rod":16,"stat.craftItem.twilightforest.cooked_venison":10,"stat.useItem.sky_orchards.acorn_dirt":1,"stat.pickup.mekanism.otherdust":14,"stat.entityKilledBy.twilightforest.lich":1,"stat.drop.statues.blockplayerstatue":3,"stat.pickup.minecraft.netherrack":743,"stat.drop.tconstruct.shard":3,"stat.drop.tconstruct.cross_guard":32,"stat.mineBlock.conarm.armorstation":1,"stat.pickup.tconstruct.casting":29,"stat.craftItem.telepastries.twilight_cake":1,"stat.craftItem.conarm.chestplate":7,"stat.pickup.sky_orchards.acorn_petrified":7,"stat.pickup.sky_orchards.resin_sand":275,"stat.pickup.sky_orchards.sapling_cobalt":7,"stat.pickup.nuclearcraft.ore":49,"stat.pickup.minecraft.melon_seeds":4,"stat.craftItem.tconstruct.toolforge":2,"stat.mineBlock.sky_orchards.leaves_sand":810,"stat.mineBlock.compactmachines3.machine":3,"stat.useItem.minecraft.furnace":7,"stat.pickup.minecraft.slime":1,"stat.craftItem.tconstruct.materials":346,"stat.pickup.storagenetwork.master":1,"stat.pickup.appliedenergistics2.energy_cell":2,"stat.drop.minecraft.reeds":9,"stat.pickup.cyclicmagic.block_storeempty":7,"stat.craftItem.integrateddynamics.squeezer":1,"stat.useItem.minecraft.torch":762,"stat.craftItem.minecraft.redstone_block":156,"stat.pickup.advancementbook.advancement_book":1,"stat.craftItem.minecraft.crafting_table":7,"stat.pickup.minecraft.redstone_block":16,"stat.useItem.minecraft.cooked_fish":9,"stat.drop.sky_orchards.acorn_gravel":1,"stat.pickup.twilightforest.shield_scepter":1,"stat.pickup.sky_orchards.acorn_sand":136,"stat.pickup.minecraft.sapling":44,"stat.drop.sky_orchards.acorn_redstone":6,"stat.drop.thermalfoundation.storage":2,"stat.pickup.minecraft.beetroot":3,"stat.mineBlock.storagenetwork.controller":1,"stat.mineBlock.tconstruct.toolforge":1,"stat.killEntity.WitherSkeleton":18,"stat.drop.sky_orchards.resin_gold":4,"stat.pickup.minecraft.golden_sword":1,"stat.useItem.inspirations.bone_crook":518,"stat.craftItem.minecraft.sugar":8,"stat.drop.minecraft.cake":2,"stat.drop.sky_orchards.sapling_bacon":1,"stat.pickup.minecraft.rabbit":1,"stat.drop.conarm.armor_trim":1,"stat.craftItem.sky_orchards.sapling_prosperity":2,"stat.pickup.minecraft.stone_slab":14,"stat.pickup.minecraft.yellow_flower":6,"stat.drop.tconstruct.slime_dirt":1,"stat.useItem.sky_orchards.sapling_dirt":20,"stat.killEntity.twilightforest.lich":1,"stat.craftItem.minecraft.diamond_chestplate":2,"stat.pickup.minecraft.bone":131,"stat.pickup.minecraft.redstone_torch":6,"stat.mineBlock.sky_orchards.leaves_gravel":936,"stat.mineBlock.cyclicmagic.fluid_pump":9,"stat.craftItem.minecraft.bone":36,"stat.pickup.sky_orchards.resin_dirt":161,"stat.useItem.minecraft.diamond_sword":1408,"stat.drop.nuclearcraft.ingot_former_idle":1,"stat.craftItem.minecraft.diamond_helmet":2,"stat.climbOneCm":32976,"stat.pickup.tconstruct.slime_leaves":1,"stat.craftItem.inspirations.stone_crook":8,"stat.enderchestOpened":1,"stat.pickup.twilightforest.ironwood_pickaxe":1,"stat.pickup.tp.watering_can":1,"stat.craftItem.minecraft.bone_block":20,"stat.craftItem.minecraft.quartz":4,"stat.pickup.rustic.cohosh":4,"stat.craftItem.minecraft.stone_pickaxe":1,"stat.pickup.minecraft.cobblestone":431,"stat.pickup.minecraft.soul_sand":1,"stat.pickup.sky_orchards.resin_coal":5,"stat.useItem.minecraft.cooked_beef":12,"stat.pickup.minecraft.cactus":16,"stat.pickup.sky_orchards.sapling_petrified":5,"stat.pickup.minecraft.redstone":32,"stat.mineBlock.minecraft.iron_ore":15,"stat.mineBlock.xlfoodmod.vanilla_flower":2,"stat.killEntity.ranged_rogue_android":10,"stat.craftItem.minecraft.cake":6,"stat.mineBlock.thermalfoundation.ore":35,"stat.pickup.tconstruct.soil":2,"stat.drop.minecraft.dirt":1,"stat.pickup.rustic.sapling":5,"stat.useItem.minecraft.cooked_porkchop":10,"stat.craftItem.tconstruct.soil":467,"stat.pickup.tconstruct.smeltery_controller":3,"stat.useItem.tconstruct.edible":50,"stat.mineBlock.sky_orchards.leaves_clay":691,"stat.drop.sky_orchards.resin_silver":3,"stat.pickup.minecraft.paper":163,"stat.craftItem.minecraft.stick":264,"stat.pickup.tconstruct.knife_blade":1,"stat.craftItem.minecraft.gold_nugget":9,"stat.craftItem.minecraft.clay_ball":48,"stat.mineBlock.minecraft.planks":40,"stat.drop":212,"stat.craftItem.conarm.helmet":10,"stat.drop.cyclicmagic.cyclic_wand_build":2,"stat.useItem.tconstruct.seared":68,"stat.drop.minecraft.redstone_block":10,"stat.pickup.minecraft.golden_chestplate":2,"stat.pickup.storagenetwork.controller":2,"stat.useItem.inspirations.stone_crook":2097,"stat.pickup.cyclicmagic.fluid_pump":9,"stat.pickup.rustic.wildberry_bush":1,"stat.craftItem.minecraft.piston":2,"stat.killEntity.Slime":1,"stat.pickup.morecauldrons.cobble_cauldron":3,"stat.useItem.minecraft.potion":2,"stat.mineBlock.minecraft.purpur_pillar":2,"stat.pickup.minecraft.fence":2,"stat.useItem.minecraft.stone_axe":518,"stat.mineBlock.tconstruct.soil":2,"stat.killEntity.twilightforest.redcap_sapper":9,"stat.pickup.farmingforblockheads.market":1,"stat.pickup.conarm.armorstation":1,"stat.drop.inspirations.stone_crook":9,"stat.mineBlock.tconstruct.tooltables":13,"stat.pickup.xlfoodmod.tomato_seeds":1,"stat.drop.tconstruct.cast":1,"stat.killEntity.CaveSpider":55,"stat.pickup.minecraft.emerald_block":2,"stat.useItem.xlfoodmod.lettuce":4,"stat.damageDealt":153790,"stat.pickup.minecraft.end_bricks":8,"stat.craftItem.chineseworkshop.oak_wall":66,"stat.craftItem.minecraft.gravel":136,"stat.useItem.compactmachines3.fieldprojector":3,"stat.craftItem.nuclearcraft.part":6,"stat.mineBlock.integrateddynamics.squeezer":1,"stat.pickup.ceramics.clay_bucket":4,"stat.pickup.minecraft.stick":137,"stat.mineBlock.compactmachines3.wallbreakable":67,"stat.mineBlock.compactstorage.compactchest":1,"stat.pickup.sky_orchards.acorn_clay":131,"stat.pickup.rustic.apple_seeds":4,"stat.useItem.sky_orchards.amber_tin":1,"stat.craftItem.xlfoodmod.onion_rings":4,"stat.drop.tombstone.tablet_of_assistance":1,"stat.mineBlock.sky_orchards.log_gravel":148,"stat.craftItem.minecraft.diamond_boots":2,"stat.drop.telepastries.overworld_cake":1,"stat.pickup.sky_orchards.acorn_gravel":234,"stat.useItem.sky_orchards.acorn_bone":45,"stat.craftItem.nuclearcraft.manufactory_idle":1,"stat.killEntity.twilightforest.deer":4,"stat.craftItem.minecraft.redstone":162,"stat.useItem.minecraft.cactus":3,"stat.pickup.minecraft.chorus_fruit":1,"stat.craftItem.tp.watering_can":1,"stat.pickup.sky_orchards.sapling_silver":1,"stat.craftItem.sky_orchards.amber_cottonwood":46,"stat.killEntity.Chicken":8,"stat.useItem.minecraft.iron_block":18,"stat.useItem.compactmachines3.wallbreakable":287,"stat.mineBlock.minecraft.quartz_ore":183,"stat.pickup.twilightforest.transformation_powder":15,"stat.mineBlock.minecraft.leaves":245,"stat.useItem.tconstruct.longbow":43,"stat.mineBlock.tconstruct.seared":2,"stat.killEntity.twilightforest.wild_boar":5,"stat.pickup.chineseworkshop.thin_wall_w":19,"stat.mineBlock.matteroverdrive.tritanium_ore":6,"stat.pickup.minecraft.wooden_slab":5,"stat.craftItem.minecraft.diamond_hoe":1,"stat.leaveGame":70,"stat.pickup.sky_orchards.resin_prosperity":15,"stat.pickup.tconstruct.edible":66,"stat.mineBlock.rustic.leaves":36,"stat.mineBlock.tconstruct.channel":20,"stat.drop.mekanism.tierinstaller":1,"stat.killEntity.PigZombie":5,"stat.drop.mysticalagriculture.infusion_crystal":1,"stat.useItem.xlfoodmod.onion_rings":4,"stat.pickup.nuclearcraft.dominos":1,"stat.pickup.sky_orchards.acorn_diamond":15,"stat.pickup.sky_orchards.sapling_dirt":52,"stat.mineBlock.twilightforest.cicada":2,"stat.mineBlock.minecraft.wooden_slab":3,"stat.pickup.nuclearcraft.ingot_former_idle":2,"stat.mineBlock.rustic.log":9,"stat.killEntity.Witch":11,"stat.pickup.sky_orchards.resin_petrified":6,"stat.pickup.conarm.armor_trim":1,"stat.pickup.cyclicmagic.cyclic_wand_build":1,"stat.pickup.xlfoodmod.strawberry_seeds":4,"stat.pickup.xlfoodmod.lettuce":4,"stat.craftItem.conarm.armorforge":2,"stat.useItem.vc.airships/item_airship":2,"stat.mineBlock.minecraft.vine":5,"stat.pickup.thermalfoundation.material":224,"stat.pickup.rustic.wildberries":1,"stat.useItem.statues.blockplayerstatue":2,"stat.killEntity.ZombieVillager":3,"stat.craftItem.cyclicmagic.fluid_pipe":8,"stat.drop.sky_orchards.acorn_dirt":1,"stat.pickup.minecraft.cauldron":1,"stat.mineBlock.minecraft.stained_hardened_clay":9,"stat.pickup.sky_orchards.sapling_coal":2,"stat.mineBlock.sky_orchards.log_prosperity":12,"stat.pickup.minecraft.potion":2,"stat.pickup.compactmachines3.psd":2,"stat.pickup.rustic.olives":13,"stat.craftItem.minecraft.dropper":1,"stat.pickup.sky_orchards.leaves_coal":3,"stat.useItem.minecraft.dye":304,"stat.pickup.sky_orchards.leaves_dirt":1,"stat.pickup.storagenetwork.remote":2,"stat.drop.minecraft.glass_bottle":2,"stat.craftItem.conarm.leggings":7,"stat.pickup.chisel.marble2":6,"stat.mineBlock.minecraft.tallgrass":35,"stat.pickup.tconstruct.seared":2,"stat.pickup.inspirations.stone_crook":1,"stat.useItem.minecraft.cooked_rabbit":1,"stat.useItem.minecraft.stone":2,"stat.pickup.minecraft.arrow":85,"stat.drop.minecraft.iron_pickaxe":2,"stat.drop.tombstone.lost_tablet":1,"stat.pickup.tconstruct.cast_custom":2,"stat.useItem.sky_orchards.sapling_gravel":36,"stat.pickup.minecraft.painting":15,"stat.craftItem.minecraft.hopper":5,"stat.drop.compactmachines3.psd":1,"stat.pickup.sky_orchards.acorn_redstone":3,"stat.useItem.minecraft.reeds":3,"stat.drop.compactmachines3.tunneltool":2,"stat.pickup.bdsandm.metal_crate":1,"stat.pickup.tconstruct.binding":1,"stat.pickup.minecraft.wheat_seeds":133,"stat.pickup.darkutils.material":7,"stat.pickup.xlfoodmod.cooked_dough":14,"stat.mineBlock.minecraft.dirt":36,"stat.pickup.sky_orchards.acorn_iron":47,"stat.drop.compactmachines3.wallbreakable":1,"stat.useItem.minecraft.bread":25,"stat.drop.tconstruct.rapier":1,"stat.pickup.inspirations.carrot_seeds":1,"stat.craftItem.xlfoodmod.corn":4,"stat.useItem.minecraft.cobblestone":546,"stat.pickup.minecraft.iron_pickaxe":7,"stat.useItem.tconstruct.pickaxe":1214,"stat.craftItem.minecraft.gold_ingot":18,"stat.pickup.minecraft.hopper":2,"stat.pickup.minecraft.apple":10,"stat.useItem.nuclearcraft.dominos":1,"stat.drop.storagenetwork.remote":1,"stat.pickup.morecauldrons.oak_cauldron":1,"stat.mineBlock.minecraft.log":47,"stat.pickup.rustic.sapling_apple":11,"stat.craftItem.nuclearcraft.water_source":1,"stat.pickup.minecraft.red_flower":6,"stat.pickup.minecraft.wool":2,"stat.mineBlock.cyclicmagic.energy_pipe":3,"stat.pickup.sky_orchards.resin_cobalt":8,"stat.craftItem.minecraft.cooked_rabbit":1,"stat.craftItem.minecraft.diamond_leggings":2,"stat.useItem.minecraft.iron_axe":234,"stat.craftItem.tconstruct.edible":4,"stat.mineBlock.minecraft.yellow_flower":6,"stat.useItem.minecraft.skull":6,"stat.drop.thermalfoundation.material":5,"stat.craftItem.minecraft.wool":2,"stat.pickup.tombstone.tablet_of_assistance":3,"stat.pickup.minecraft.writable_book":3,"stat.pickup.industrialforegoing.range_addon":3,"stat.mineBlock.chineseworkshop.oak_wall":27,"stat.useItem.tconstruct.cleaver":3,"stat.useItem.minecraft.egg":7,"stat.useItem.xlfoodmod.corn_seeds":1,"stat.drop.bdsandm.wood_crate":1,"stat.craftItem.minecraft.cooked_beef":13,"stat.mineBlock.minecraft.obsidian":1,"stat.mineBlock.sky_orchards.leaves_dirt":566,"stat.craftItem.sky_orchards.amber_gold":25,"stat.flyOneCm":2978132,"stat.pickup.rustic.slate":7,"stat.timeSinceDeath":23370,"stat.mineBlock.rustic.cohosh":2,"stat.killEntity.Bat":2,"stat.craftItem.tconstruct.seared":95,"stat.mineBlock.minecraft.enchanting_table":1,"stat.mineBlock.minecraft.coal_ore":96,"stat.craftItem.minecraft.stone_hoe":1,"stat.mineBlock.sky_orchards.leaves_diamond":1,"stat.useItem.tp.toasted_bread":1,"stat.pickup.minecraft.string":81,"stat.pickup.sky_orchards.amber_iron":64,"stat.mineBlock.minecraft.ladder":1,"stat.pickup.cyclicmagic.tool_elevate":1,"stat.craftItem.tconstruct.tooltables":11,"stat.pickup.sky_orchards.sapling_bacon":1,"stat.mineBlock.rustic.wildberry_bush":1,"stat.craftItem.tconstruct.ingots":81,"stat.mineBlock.minecraft.diamond_ore":10,"stat.drop.tconstruct.slime_congealed":1,"stat.craftItem.mysticalagriculture.tier1_inferium_seeds":4,"stat.pickup.sky_orchards.leaves_gravel":22,"stat.drop.farmingforblockheads.market":1,"stat.pickup.tconstruct.ore":185,"stat.pickup.mekanism.tierinstaller":1,"stat.killEntity.twilightforest.fire_beetle":12,"stat.diveOneCm":72766,"stat.pickup.tconstruct.tooltables":13,"stat.useItem.bonsaitrees.bonsaipot":38,"stat.mineBlock.nuclearcraft.ingot_former_idle":1,"stat.pickup.mysticalagriculture.tier3_inferium_seeds":1,"stat.pickup.matteroverdrive.tritanium_ore":6,"stat.craftItem.minecraft.diamond_sword":1,"stat.jump":9726,"stat.useItem.minecraft.sand":1,"stat.mineBlock.nuclearcraft.water_source":3,"stat.craftItem.minecraft.torch":604,"stat.mineBlock.minecraft.purpur_block":2,"stat.pickup.chargers.wireless_charger":1,"stat.pickup.rustic.log":9,"stat.useItem.minecraft.sapling":5,"stat.pickup.minecraft.gold_ore":22,"stat.mineBlock.minecraft.glass_pane":2,"stat.damageTaken":19554,"stat.drop.sky_orchards.acorn_diamond":19,"stat.pickup.appliedenergistics2.storage_cell_1k":1,"stat.craftItem.sky_orchards.amber_lead":2,"stat.pickup.vc.item_viesoline_pellets":5,"stat.pickup.tconstruct.ingots":1,"stat.useItem.forge.bucketfilled":4,"stat.killEntity.Shulker":15,"stat.killEntity.Silverfish":8,"stat.craftItem.minecraft.stone_slab":378,"stat.animalsBred":3,"stat.useItem.minecraft.chest":19,"stat.pickup.sky_orchards.sapling_bone":1,"stat.mineBlock.thermaldynamics.duct_16":6,"stat.craftItem.sky_orchards.amber_silver":89,"stat.craftItem.rustic.crushing_tub":1,"stat.mineBlock.sky_orchards.leaves_lead":201,"stat.pickup.twilightforest.ironwood_boots":2,"stat.pickup.minecraft.ender_pearl":25,"stat.useItem.minecraft.netherrack":354,"stat.craftItem.cyclicmagic.fluid_pump":1,"stat.mineBlock.minecraft.stonebrick":9,"stat.killEntity.twilightforest.bighorn_sheep":2,"stat.mineBlock.minecraft.glowstone":1,"stat.pickup.twilightforest.raw_venison":11,"stat.useItem.minecraft.writable_book":1,"stat.pickup.minecraft.torch":401,"stat.craftItem.yoyos.yoyo_cord":1,"stat.mineBlock.astralsorcery.blockcustomsandore":1,"stat.drop.minecraft.stone_axe":3,"stat.useItem.xlfoodmod.corn":4,"stat.pickup.tconstruct.wooden_hopper":2,"stat.craftItem.minecraft.iron_axe":1,"stat.killEntity.twilightforest.swarm_spider":2,"stat.useItem.minecraft.planks":127,"stat.pickup.appliedenergistics2.drive":2,"stat.pickup.minecraft.porkchop":10,"stat.pickup.minecraft.blaze_powder":1,"stat.useItem.sky_orchards.sapling_prosperity":1,"stat.useItem.minecraft.water_bucket":77,"stat.pickup.minecraft.sand":17,"stat.pickup.tp.maloberry_berry":2,"stat.pickup.nuclearcraft.water_source":3,"stat.useItem.minecraft.ender_pearl":1,"stat.drop.telepastries.twilight_cake":1,"stat.craftItem.minecraft.cooked_fish":9,"stat.drop.realfilingcabinet.folder":1,"stat.useItem.yoyos.yoyo":8,"stat.craftItem.minecraft.blaze_powder":18,"stat.pickup.sky_orchards.sapling_nickel":1,"stat.craftItem.minecraft.hardened_clay":18,"stat.drop.ceramics.clay_bucket":2,"stat.pickup.xlfoodmod.lettuce_seeds":5,"stat.pickup.compactstorage.backpack":2,"stat.pickup.vc.airships/item_airship":3,"stat.craftItem.cookingforblockheads.sink":1,"stat.pickup.nuclearcraft.manufactory_idle":1,"stat.useItem.minecraft.redstone":29,"stat.entityKilledBy.twilightforest.death_tome":2,"stat.killEntity.twilightforest.wraith":23,"stat.mineBlock.minecraft.end_bricks":4,"stat.pickup.xlfoodmod.vanilla_flower":2,"stat.pickup.minecraft.skull":16,"stat.craftItem.minecraft.sand":107,"stat.drop.sky_orchards.sapling_sand":6,"stat.useItem.minecraft.hopper":1,"stat.craftItem.minecraft.heavy_weighted_pressure_plate":1,"stat.pickup.xlfoodmod.pepper_seeds":4,"stat.playOneMinute":1788468,"stat.pickup.minecraft.iron_bars":1,"stat.mineBlock.minecraft.netherrack":826,"stat.killEntity.twilightforest.death_tome":21,"stat.craftItem.snad.snad":4,"stat.useItem.inspirations.wooden_crook":707,"stat.mineBlock.rustic.slate":2,"stat.mineBlock.tconstruct.faucet":4,"stat.pickup.tconstruct.seared_furnace_controller":1,"stat.pickup.rustic.leaves_apple":4,"stat.fallOneCm":1409343,"stat.drop.minecraft.dye":1,"stat.craftItem.minecraft.chest":35,"stat.useItem.inspirations.mulch":1,"stat.mineBlock.minecraft.lever":1,"stat.pickup.sky_orchards.sapling_sand":126,"stat.mineBlock.nuclearcraft.ore":49,"stat.pickup.minecraft.feather":15,"stat.pickup.tconstruct.channel":20,"stat.pickup.sky_orchards.sapling_gold":1,"stat.pickup.rustic.fertile_soil":3,"stat.useItem.minecraft.stone_pickaxe":5,"stat.craftItem.tconstruct.seared_tank":1,"stat.drop.tconstruct.seared":1,"stat.craftItem.sky_orchards.amber_tin":28,"stat.pickup.sky_orchards.sapling_prosperity":18,"stat.pickup.twilightforest.trophy":1,"stat.drop.minecraft.stick":4,"stat.drop.sky_orchards.acorn_sand":1,"stat.mineBlock.cyclicmagic.block_storeempty":7,"stat.craftItem.tconstruct.channel":3,"stat.mineBlock.sky_orchards.sapling_dirt":2,"stat.drop.tombstone.crafting_ingredient":2,"stat.mineBlock.storagenetwork.master":1,"stat.killEntity.twilightforest.redcap":59,"stat.killEntity.LavaSlime":2,"stat.pickup.minecraft.log":626,"stat.craftItem.twilightforest.twilight_oak_planks":44,"stat.useItem.sky_orchards.acorn_iron":47,"stat.mineBlock.rustic.fertile_soil":2,"stat.killEntity.twilightforest.squirrel":1,"stat.pickup.matteroverdrive.rogue_android_part":4,"stat.pickup.industrialforegoing.fluid_pump":8,"stat.mineBlock.rustic.mooncap_mushroom":1,"stat.mineBlock.minecraft.iron_block":3,"stat.useItem.xlfoodmod.donut":142,"stat.craftItem.tconstruct.smeltery_controller":2,"stat.pickup.tconstruct.broadsword":1,"stat.drop.vc.item_viesoline_pellets":3,"stat.killEntity.rogue_android":23,"stat.mineBlock.chineseworkshop.thin_wall_w":31,"stat.pickup.minecraft.diamond_helmet":1,"stat.drop.storagenetwork.request":1,"stat.mineBlock.sky_orchards.log_clay":92,"stat.craftItem.minecraft.cooked_chicken":4,"stat.useItem.minecraft.stone_hoe":1,"stat.drop.tconstruct.edible":3,"stat.sneakTime":63665,"stat.useItem.minecraft.beetroot":3,"stat.drop.sky_orchards.sapling_lead":1,"stat.craftItem.tconstruct.faucet":3,"stat.craftItem.sky_orchards.amber_iron":32,"stat.craftItem.inspirations.bone_crook":3,"stat.swimOneCm":29643,"stat.pickup.realfilingcabinet.folder":1,"stat.pickup.tconstruct.arrow":2,"stat.mineBlock.sky_orchards.log_cobalt":5,"stat.useItem.minecraft.dirt":4,"stat.drop.inspirations.bone_crook":1,"stat.pickup.minecraft.enchanting_table":1,"stat.drop.minecraft.ender_pearl":9,"stat.mineBlock.chisel.limestone2":12,"stat.pickup.minecraft.glass_bottle":3,"stat.pickup.compactmachines3.wallbreakable":328,"stat.useItem.rustic.olives":3,"stat.drop.minecraft.wheat_seeds":3,"stat.pickup.sky_orchards.sapling_lead":39,"stat.craftItem.minecraft.wooden_slab":876,"stat.drop.minecraft.log":4,"stat.drop.tconstruct.cast_custom":1,"stat.pickup.minecraft.mutton":2,"stat.drop.tconstruct.tooltables":1,"stat.pickup.minecraft.stonebrick":8,"stat.useItem.sky_orchards.sapling_clay":24,"stat.mineBlock.minecraft.nether_brick":75,"stat.craftItem.minecraft.brick_block":6,"stat.pickup.xlfoodmod.corn_seeds":20,"stat.craftItem.minecraft.stone_slab2":30,"stat.pickup.tombstone.lost_tablet":1,"stat.useItem.minecraft.stone_slab":316,"stat.useItem.tconstruct.casting":3,"stat.craftItem.sky_orchards.acorn_lead":8,"stat.useItem.minecraft.diamond_pickaxe":979,"stat.craftItem.nuclearcraft.dust":7,"stat.useItem.tconstruct.slime_leaves":2,"stat.mineBlock.rustic.leaves_apple":48,"stat.pickup.minecraft.slime_ball":28,"stat.drop.minecraft.blaze_rod":3,"stat.drop.sky_orchards.acorn_lead":65,"stat.craftItem.minecraft.diamond_pickaxe":1,"stat.craftItem.minecraft.clay":86,"stat.mineBlock.sky_orchards.leaves_cobalt":35,"stat.pickup.tconstruct.toolforge":1,"stat.mineBlock.sky_orchards.leaves_bone":2,"stat.pickup.minecraft.gravel":3,"stat.pickup.sky_orchards.amber_lead":4,"stat.useItem.rustic.core_root":3,"stat.useItem.minecraft.diamond_axe":101,"stat.mineBlock.tconstruct.smeltery_controller":3,"stat.mineBlock.appliedenergistics2.drive":1,"stat.pickup.tconstruct.tool_rod":1,"stat.mineBlock.tconstruct.slime_dirt":1,"stat.craftItem.minecraft.brick_stairs":4,"stat.pickup.minecraft.diamond_sword":1,"stat.pickup.minecraft.brick":46,"stat.craftItem.tconstruct.rack":2,"stat.pickup.sky_orchards.sapling_redstone":1,"stat.craftItem.bonsaitrees.bonsaipot":7,"stat.craftItem.minecraft.bread":29,"stat.entityKilledBy.CaveSpider":1,"stat.pickup.minecraft.spider_eye":23,"stat.useItem.minecraft.cooked_chicken":4,"stat.pickup.minecraft.iron_ore":14,"stat.drop.tconstruct.frypan":1,"stat.pickup.tconstruct.slime_congealed":7,"stat.drop.vc.airships/item_airship":1,"stat.pickup.minecraft.leaves":2,"stat.pickup.minecraft.leather":6,"stat.craftItem.industrialforegoing.plastic":7,"stat.pickup.matteroverdrive.dilithium_crystal":83,"stat.pickup.mysticalagriculture.crafting":37,"stat.pickup.minecraft.reeds":153,"stat.drop.tp.watering_can":1,"stat.pickup.tconstruct.materials":50,"stat.craftItem.minecraft.cauldron":1,"stat.pickup.twilightforest.twilight_log":81,"stat.sleepInBed":1,"stat.pickup.sky_orchards.acorn_bone":1,"stat.pickup.twilightforest.naga_chestplate":2,"stat.walkOneCm":4838839,"stat.useItem.slabmachines.chest_slab":1,"stat.playerKills":17,"stat.mineBlock.matteroverdrive.dilithium_ore":30,"stat.craftItem.inspirations.wooden_crook":5,"stat.useItem.minecraft.emerald_block":1,"stat.pickup.minecraft.stone":70,"stat.pickup.sky_orchards.sapling_gravel":176,"stat.drop.cyclicmagic.tool_auto_torch":1,"stat.mineBlock.thermalfoundation.ore_fluid":138,"stat.killEntity.Skeleton":103,"stat.drop.sky_orchards.sapling_dirt":1,"stat.useItem.sky_orchards.acorn_clay":16,"stat.mineBlock.minecraft.redstone_torch":6,"stat.killEntity.Spider":23,"stat.pickup.astralsorcery.itemcraftingcomponent":4,"stat.mineBlock.inspirations.mulch":3,"stat.pickup.sky_orchards.sapling_ardite":1,"stat.pickup.minecraft.quartz":180,"stat.craftItem.farmingforblockheads.market":1,"stat.pickup.minecraft.water_bucket":1,"stat.mineBlock.minecraft.redstone_ore":2,"stat.mineBlock.tconstruct.casting":28,"stat.pickup.minecraft.lava_bucket":1,"stat.pickup.minecraft.elytra":1,"stat.pickup.rustic.core_root":3,"stat.craftItem.minecraft.brick":25,"stat.mineBlock.minecraft.stone":320,"stat.pickup.xlfoodmod.donut":128}