{"stat.craftItem.sky_orchards.sapling_sand":1,"stat.pickup.bdsandm.wood_crate":1,"stat.craftItem.sky_orchards.amber_osmium":71,"stat.mineBlock.minecraft.stained_glass":21,"stat.pickup.rustic.crushing_tub":1,"stat.pickup.tconstruct.faucet":5,"stat.mineBlock.minecraft.web":6,"stat.pickup.inspirations.pipe":4,"stat.pickup.cyclicmagic.dropper_exact":2,"stat.mineBlock.sky_orchards.log_dirt":6,"stat.pickup.minecraft.rotten_flesh":92,"stat.mineBlock.nuclearcraft.manufactory_idle":1,"stat.pickup.uppers.upper":7,"stat.craftItem.minecraft.stone_axe":2,"stat.pickup.minecraft.bucket":1,"stat.killEntity.Enderman":13,"stat.mineBlock.minecraft.end_stone":9,"stat.useItem.minecraft.iron_pickaxe":26,"stat.craftItem.tp.diamond_cobblegen_block":1,"stat.pickup.minecraft.stained_hardened_clay":7,"stat.craftItem.minecraft.glass_pane":16,"stat.craftItem.cyclicmagic.energy_pump":5,"stat.mineBlock.chisel.marble2":6,"stat.craftItem.ironjetpacks.stone_cell":10,"stat.furnaceInteraction":592,"stat.drop.cyclicmagic.tool_elevate":1,"stat.mineBlock.minecraft.chorus_plant":1,"stat.mineBlock.sky_orchards.amber_iron":22,"stat.pickup.headcrumbs.skull":1,"stat.craftItem.sky_orchards.acorn_dirt":1,"stat.craftItem.twilightforest.naga_chestplate":2,"stat.pickup.sky_orchards.acorn_coal":75,"stat.pickup.mob_grinding_utils.spikes":6,"stat.drop.minecraft.cactus":1,"stat.pickup.sky_orchards.acorn_dirt":25,"stat.useItem.minecraft.fence":3,"stat.pickup.mysticalagriculture.tier1_inferium_seeds":22,"stat.mineBlock.tp.diamond_cobblegen_block":3,"stat.craftItem.minecraft.daylight_detector":1,"stat.useItem.minecraft.flint_and_steel":8,"stat.pickup.cyclicmagic.energy_pump":6,"stat.craftItem.morecauldrons.cobble_cauldron":3,"stat.craftItem.appliedenergistics2.storage_cell_1k":2,"stat.pickup.minecraft.lever":3,"stat.deaths":31,"stat.pickup.minecraft.egg":31,"stat.pickup.sky_orchards.sapling_lapis":3,"stat.pickup.minecraft.item_frame":1,"stat.craftItem.minecraft.repeater":13,"stat.useItem.sky_orchards.sapling_sand":1,"stat.chestOpened":3368,"stat.craftItem.industrialforegoing.froster":1,"stat.drop.tp.fmf_block":2,"stat.craftItem.minecraft.quartz_block":65,"stat.pickup.minecraft.chorus_flower":4,"stat.craftItem.minecraft.coal":616,"stat.craftItem.matteroverdrive.tritanium_ingot":8,"stat.craftItem.uppers.upper":2,"stat.craftItem.buildinggadgets.buildingtool":1,"stat.pickup.deepmoblearning.simulation_chamber":1,"stat.craftItem.tp.fmf_block":1,"stat.pickup.minecraft.carrot":448,"stat.crouchOneCm":303267,"stat.craftItem.minecraft.diamond":144,"stat.craftItem.minecraft.iron_ingot":1097,"stat.pickup.bonsaitrees.bonsaipot":130,"stat.craftItem.xlfoodmod.cooked_dough":24,"stat.craftingTableInteraction":749,"stat.mineBlock.appliedenergistics2.inscriber":2,"stat.mineBlock.tconstruct.smeltery_io":4,"stat.drop.uppers.upper":5,"stat.pickup.minecraft.dye":12,"stat.pickup.minecraft.planks":2,"stat.pickup.sky_orchards.resin_iron":2,"stat.craftItem.simplegenerators.culinary_simple":1,"stat.craftItem.deepmoblearning.data_model_blaze":1,"stat.craftItem.minecraft.magma":9,"stat.craftItem.mekanism.speedupgrade":3,"stat.mineBlock.xlfoodmod.grass":5,"stat.pickup.sky_orchards.sapling_iron":3,"stat.mineBlock.bdsandm.wood_barrel":2,"stat.craftItem.ironjetpacks.iron_cell":10,"stat.drop.minecraft.rotten_flesh":2,"stat.pickup.appliedenergistics2.energy_acceptor":2,"stat.craftItem.bdsandm.metal_crate":1,"stat.killEntity.twilightforest.slime_beetle":7,"stat.pickup.tconstruct.pickaxe":2,"stat.pickup.cyclicmagic.sprout_seed":1,"stat.drop.bonsaitrees.bonsaipot":4,"stat.pickup.nuclearcraft.glowing_mushroom":2,"stat.drop.yoyos.yoyo":1,"stat.drop.ironjetpacks.iron_jetpack":1,"stat.drop.twilightforest.naga_scale":2,"stat.pickup.sky_orchards.resin_gravel":7,"stat.drop.mekanism.enrichedalloy":1,"stat.useItem.slabmachines.furnace_slab":2,"stat.pickup.yoyos.yoyo":1,"stat.drop.minecraft.sapling":1,"stat.craftItem.mekanism.tierinstaller":5,"stat.pickup.minecraft.chicken":3,"stat.drop.sky_orchards.sapling_lapis":1,"stat.craftItem.appliedenergistics2.inscriber":1,"stat.pickup.minecraft.end_stone":10,"stat.mineBlock.twilightforest.firefly":2,"stat.pickup.minecraft.coal_block":2,"stat.craftItem.minecraft.bucket":5,"stat.craftItem.minecraft.planks":2716,"stat.useItem.minecraft.iron_sword":56,"stat.craftItem.minecraft.dirt":102,"stat.craftItem.minecraft.fishing_rod":1,"stat.pickup.sky_orchards.leaves_petrified":2,"stat.pickup.minecraft.book":23,"stat.craftItem.storagenetwork.master":1,"stat.useItem.sky_orchards.acorn_sand":102,"stat.craftItem.minecraft.cobblestone":74,"stat.pickup.tp.fmf_block":3,"stat.useItem.thermalfoundation.tool.bow_diamond":112,"stat.mineBlock.minecraft.cobblestone":194,"stat.pickup.minecraft.flint":3,"stat.killEntity.Human":34,"stat.craftItem.simplegenerators.fluid_combustion_simple":1,"stat.useItem.cyclicmagic.cyclic_wand_build":5,"stat.craftItem.nuclearcraft.alloy_furnace_idle":1,"stat.mineBlock.minecraft.stained_glass_pane":2,"stat.craftItem.compactstorage.chestbuilder":1,"stat.drop.minecraft.cobblestone":2,"stat.mineBlock.minecraft.dropper":1,"stat.useItem.minecraft.stone_slab2":508,"stat.drop.tconstruct.wooden_hopper":3,"stat.pickup.minecraft.iron_boots":1,"stat.craftItem.minecraft.furnace":59,"stat.craftItem.minecraft.lapis_block":31,"stat.drop.minecraft.end_crystal":1,"stat.pickup.thermalfoundation.ore":27,"stat.pickup.tp.cobblegen_block":8,"stat.craftItem.storagenetwork.ex_kabel":4,"stat.pickup.cyclicmagic.tool_auto_torch":1,"stat.mineBlock.morecauldrons.cobble_cauldron":5,"stat.useItem.minecraft.wooden_slab":67,"stat.craftItem.minecraft.iron_block":18,"stat.drop.mysticalagriculture.tier3_inferium_seeds":1,"stat.pickup.twilightforest.naga_scale":1,"stat.drop.minecraft.flint_and_steel":1,"stat.useItem.tconstruct.rack":5,"stat.pickup.sky_orchards.acorn_lead":1,"stat.killEntity.Creeper":18,"stat.mineBlock.rustic.sapling_apple":1,"stat.craftItem.industrialforegoing.mob_slaughter_factory":2,"stat.pickup.tombstone.crafting_ingredient":2,"stat.entityKilledBy.Skeleton":3,"stat.drop.minecraft.obsidian":2,"stat.craftItem.tconstruct.stone_stick":4,"stat.killEntity.twilightforest.pinch_beetle":7,"stat.useItem.sky_orchards.sapling_petrified":16,"stat.sprintOneCm":2316385,"stat.mineBlock.minecraft.stone_slab":40,"stat.useItem.carryon.tile_item":1,"stat.mineBlock.uppers.upper":2,"stat.pickup.bdsandm.wood_barrel":2,"stat.mineBlock.sky_orchards.leaves_petrified":30,"stat.pickup.inspirations.wooden_crook":3,"stat.pickup.minecraft.sugar":4,"stat.pickup.tombstone.grave_key":1,"stat.mineBlock.bonsaitrees.bonsaipot":112,"stat.craftItem.minecraft.emerald":55,"stat.pickup.minecraft.iron_block":2,"stat.craftItem.deepmoblearning.data_model_blank":7,"stat.killEntity.Zombie":59,"stat.craftItem.minecraft.dye":351,"stat.mineBlock.minecraft.gold_ore":4,"stat.craftItem.minecraft.slime_ball":12,"stat.drop.minecraft.diamond_pickaxe":1,"stat.pickup.minecraft.wheat":10,"stat.pickup.rftoolspower.information_screen":7,"stat.mineBlock.tconstruct.seared_furnace_controller":1,"stat.mineBlock.inspirations.pipe":4,"stat.pickup.minecraft.obsidian":11,"stat.craftItem.sky_orchards.sapling_coal":1,"stat.pickup.sky_orchards.resin_clay":26,"stat.drop.sky_orchards.amber_lead":4,"stat.mineBlock.appliedenergistics2.energy_acceptor":3,"stat.pickup.cyclicmagic.uncrafting_block":1,"stat.pickup.minecraft.coal":18,"stat.pickup.minecraft.iron_ingot":92,"stat.craftItem.minecraft.lever":2,"stat.pickup.minecraft.gunpowder":63,"stat.mineBlock.sky_orchards.amber_clay":2,"stat.mineBlock.sky_orchards.log_sand":11,"stat.pickup.minecraft.dirt":150,"stat.craftItem.ironjetpacks.stone_thruster":4,"stat.brewingstandInteraction":1,"stat.mineBlock.minecraft.red_flower":10,"stat.mineBlock.minecraft.torch":22,"stat.pickup.minecraft.magma_cream":1,"stat.craftItem.minecraft.comparator":3,"stat.craftItem.minecraft.glowstone":1,"stat.mineBlock.cyclicmagic.dropper_exact":2,"stat.pickup.sky_orchards.sapling_clay":35,"stat.pickup.statues.blockplayerstatue":6,"stat.killEntity.bouncy_creepers.bouncy_creeper":22,"stat.pickup.cyclicmagic.charm_wing":1,"stat.craftItem.tconstruct.smeltery_io":1,"stat.drop.minecraft.wheat":4,"stat.craftItem.morecauldrons.oak_cauldron":6,"stat.pickup.sky_orchards.sapling_donut":2,"stat.drop.inspirations.wooden_crook":6,"stat.mineBlock.cyclicmagic.dehydrator":2,"stat.drop.sky_orchards.resin_bacon":1,"stat.craftItem.storagenetwork.im_kabel":4,"stat.craftItem.tconstruct.fancy_frame":1,"stat.useItem.cyclicmagic.item_pipe":3,"stat.mobKills":514,"stat.pickup.cyclicmagic.fluid_pipe":12,"stat.pickup.minecraft.diamond":10,"stat.pickup.minecraft.beetroot_seeds":2,"stat.mineBlock.rustic.crushing_tub":1,"stat.drop.sky_orchards.acorn_clay":10,"stat.mineBlock.sky_orchards.log_petrified":41,"stat.useItem.cyclicmagic.energy_pipe":37,"stat.pickup.valkyrielib.modifier_component":16,"stat.pickup.tp.diamond_cobblegen_block":3,"stat.mineBlock.industrialforegoing.fluid_pump":6,"stat.craftItem.cyclicmagic.uncrafting_block":1,"stat.pickup.cyclicmagic.energy_pipe":37,"stat.craftItem.deepmoblearning.data_model_enderman":1,"stat.mineBlock.cyclicmagic.item_pipe":3,"stat.killEntity.Blaze":40,"stat.useItem.cyclicmagic.fluid_pump":1,"stat.craftItem.teslacorelib.machine_case":6,"stat.pickup.sky_orchards.resin_lead":37,"stat.drop.tconstruct.pickaxe":1,"stat.pickup.minecraft.glowstone_dust":77,"stat.mineBlock.minecraft.nether_brick_fence":1,"stat.craftItem.tconstruct.casting":2,"stat.mineBlock.twilightforest.twilight_log":1,"stat.pickup.sky_orchards.resin_bacon":32,"stat.craftItem.deepmoblearning.soot_covered_plate":32,"stat.pickup.inspirations.mulch":30,"stat.craftItem.minecraft.slime":1,"stat.craftItem.telepastries.lost_city_cake":1,"stat.hopperInspected":7,"stat.pickup.resourcehogs.mud_bucket":1,"stat.drop.minecraft.diamond":5,"stat.pickup.tconstruct.slime_sapling":14,"stat.pickup.darkutils.shulker_pearl":3,"stat.mineBlock.cyclicmagic.auto_packager":7,"stat.useItem.tconstruct.channel":3,"stat.craftItem.simplegenerators.combustion_simple":1,"stat.craftItem.minecraft.magma_cream":37,"stat.craftItem.minecraft.observer":1,"stat.drop.compactstorage.backpack":1,"stat.pickup.minecraft.wooden_button":1,"stat.craftItem.thermalfoundation.material":277,"stat.pickup.deepmoblearning.data_model_zombie":2,"stat.craftItem.cyclicmagic.block_storeempty":2,"stat.useItem.telepastries.overworld_cake":1,"stat.craftItem.cyclicmagic.dropper_exact":1,"stat.pickup.rftoolspower.cell1":9,"stat.pickup.rftoolspower.cell3":6,"stat.mineBlock.appliedenergistics2.energy_cell":5,"stat.pickup.minecraft.pumpkin_seeds":2,"stat.pickup.tconstruct.slime_dirt":3,"stat.mineBlock.simplegenerators.geothermal_simple":2,"stat.mineBlock.minecraft.soul_sand":17,"stat.craftItem.simplegenerators.geothermal_simple":4,"stat.mineBlock.simplegenerators.culinary_simple":3,"stat.pickup.minecraft.blaze_rod":16,"stat.craftItem.minecraft.diamond_block":3,"stat.pickup.mekanism.otherdust":15,"stat.pickup.animalcrops.seeds":1,"stat.drop.minecraft.chest":1,"stat.drop.statues.blockplayerstatue":4,"stat.pickup.minecraft.netherrack":286,"stat.pickup.tconstruct.casting":25,"stat.craftItem.storagenetwork.kabel":24,"stat.pickup.sky_orchards.acorn_petrified":50,"stat.craftItem.sky_orchards.sapling_diamond":1,"stat.pickup.tp.mycelium_seeds":1,"stat.pickup.sky_orchards.resin_sand":32,"stat.craftItem.minecraft.prismarine_shard":24,"stat.craftItem.telepastries.end_cake":1,"stat.craftItem.minecraft.iron_hoe":1,"stat.pickup.sky_orchards.resin_gold":129,"stat.useItem.mob_grinding_utils.saw":2,"stat.craftItem.tconstruct.wooden_hopper":1,"stat.pickup.nuclearcraft.ore":106,"stat.craftItem.tombstone.dark_marble":2,"stat.pickup.minecraft.melon_seeds":4,"stat.mineBlock.rustic.horsetail":2,"stat.pickup.minecraft.dropper":1,"stat.dropperInspected":1,"stat.mineBlock.sky_orchards.leaves_sand":34,"stat.craftItem.industrialforegoing.fluid_pump":1,"stat.pickup.sky_orchards.leaves_emerald":2,"stat.craftItem.minecraft.wooden_button":1,"stat.craftItem.ironjetpacks.basic_coil":50,"stat.pickup.minecraft.slime":1,"stat.craftItem.ironjetpacks.iron_jetpack":2,"stat.craftItem.tconstruct.materials":338,"stat.mineBlock.minecraft.gravel":12,"stat.mineBlock.sky_orchards.log_bone":6,"stat.craftItem.twilightforest.naga_leggings":2,"stat.pickup.appliedenergistics2.energy_cell":4,"stat.pickup.cyclicmagic.block_storeempty":6,"stat.useItem.minecraft.torch":229,"stat.craftItem.minecraft.redstone_block":68,"stat.pickup.tconstruct.rapier":1,"stat.pickup.advancementbook.advancement_book":1,"stat.useItem.minecraft.log":3,"stat.pickup.sky_orchards.acorn_gold":130,"stat.craftItem.minecraft.crafting_table":6,"stat.pickup.simplegenerators.geothermal_simple":2,"stat.pickup.cyclicmagic.dehydrator":2,"stat.pickup.minecraft.redstone_block":17,"stat.pickup.sky_orchards.acorn_sand":42,"stat.pickup.minecraft.web":2,"stat.pickup.sky_orchards.amber_tin":4,"stat.pickup.minecraft.sapling":7,"stat.drop.sky_orchards.acorn_redstone":2,"stat.useItem.sky_orchards.amber_clay":1,"stat.mineBlock.storagenetwork.controller":2,"stat.mineBlock.tconstruct.toolforge":1,"stat.killEntity.WitherSkeleton":22,"stat.mineBlock.mekanism.machineblock":4,"stat.drop.sky_orchards.sapling_bacon":1,"stat.pickup.rustic.chili_pepper_seeds":2,"stat.pickup.sky_orchards.sapling_diamond":1,"stat.drop.minecraft.bucket":1,"stat.pickup.rustic.deathstalk_mushroom":12,"stat.pickup.minecraft.stone_slab":63,"stat.pickup.minecraft.yellow_flower":28,"stat.drop.tconstruct.slime_dirt":1,"stat.drop.minecraft.wooden_axe":1,"stat.pickup.clickmachine.auto_clicker":9,"stat.drop.minecraft.stone_pickaxe":2,"stat.craftItem.minecraft.diamond_chestplate":2,"stat.pickup.minecraft.bone":94,"stat.craftItem.minecraft.sticky_piston":2,"stat.craftItem.ceramics.unfired_clay":4,"stat.mineBlock.sky_orchards.leaves_gravel":24,"stat.mineBlock.cyclicmagic.fluid_pump":18,"stat.craftItem.sky_orchards.sapling_quartz":1,"stat.pickup.sky_orchards.resin_dirt":12,"stat.useItem.minecraft.diamond_sword":1891,"stat.drop.nuclearcraft.ingot_former_idle":1,"stat.craftItem.minecraft.diamond_helmet":3,"stat.climbOneCm":22564,"stat.craftItem.inspirations.stone_crook":1,"stat.enderchestOpened":1,"stat.useItem.rustic.slate":12,"stat.pickup.twilightforest.ironwood_pickaxe":1,"stat.pickup.tp.watering_can":1,"stat.craftItem.minecraft.bone_block":33,"stat.craftItem.sky_orchards.sapling_bone":1,"stat.pickup.minecraft.anvil":1,"stat.craftItem.minecraft.quartz":68,"stat.craftItem.minecraft.stone_pickaxe":4,"stat.pickup.mysticalagriculture.infusion_crystal":1,"stat.pickup.minecraft.cobblestone":13832,"stat.craftItem.rftoolspower.information_screen":1,"stat.pickup.minecraft.soul_sand":17,"stat.mineBlock.industrialforegoing.tree_fluid_extractor":1,"stat.pickup.sky_orchards.resin_coal":40,"stat.craftItem.sky_orchards.amber_lapis":3,"stat.useItem.minecraft.cooked_beef":3,"stat.pickup.minecraft.cactus":10,"stat.pickup.minecraft.dragon_egg":1,"stat.pickup.sky_orchards.sapling_petrified":79,"stat.craftItem.minecraft.dispenser":2,"stat.pickup.minecraft.redstone":48,"stat.mineBlock.minecraft.iron_ore":13,"stat.mineBlock.xlfoodmod.vanilla_flower":3,"stat.drop.rustic.chili_pepper_seeds":2,"stat.craftItem.inspirations.pipe":4,"stat.killEntity.ranged_rogue_android":16,"stat.pickup.minecraft.cake":4,"stat.mineBlock.thermalfoundation.ore":27,"stat.pickup.tconstruct.soil":2,"stat.drop.minecraft.dirt":1,"stat.useItem.xlfoodmod.coffee":1,"stat.craftItem.tconstruct.soil":256,"stat.pickup.tconstruct.smeltery_controller":14,"stat.useItem.tconstruct.edible":291,"stat.mineBlock.sky_orchards.leaves_clay":39,"stat.useItem.cyclicmagic.energy_pump":3,"stat.pickup.minecraft.paper":129,"stat.craftItem.minecraft.stick":40,"stat.craftItem.minecraft.stained_hardened_clay":8,"stat.craftItem.minecraft.gold_nugget":63,"stat.craftItem.cyclicmagic.auto_packager":1,"stat.craftItem.minecraft.clay_ball":416,"stat.pickup.conarm.boots":1,"stat.entityKilledBy.Creeper":2,"stat.craftItem.industrialforegoing.tree_fluid_extractor":1,"stat.mineBlock.minecraft.planks":1,"stat.drop":163,"stat.useItem.tconstruct.seared":61,"stat.pickup.minecraft.golden_chestplate":1,"stat.mineBlock.simplegenerators.combustion_simple":1,"stat.pickup.storagenetwork.controller":2,"stat.pickup.sky_orchards.acorn_cottonwood":4,"stat.pickup.cyclicmagic.fluid_pump":18,"stat.craftItem.minecraft.piston":3,"stat.mineBlock.minecraft.anvil":1,"stat.pickup.morecauldrons.cobble_cauldron":5,"stat.mineBlock.minecraft.deadbush":1,"stat.pickup.minecraft.fence":2,"stat.useItem.minecraft.stone_axe":111,"stat.killEntity.twilightforest.redcap_sapper":2,"stat.pickup.farmingforblockheads.market":1,"stat.mineBlock.cyclicmagic.item_pump":3,"stat.craftItem.minecraft.flint_and_steel":2,"stat.drop.inspirations.stone_crook":1,"stat.mineBlock.tconstruct.tooltables":4,"stat.pickup.xlfoodmod.tomato_seeds":1,"stat.craftItem.minecraft.iron_bars":32,"stat.pickup.minecraft.prismarine_shard":6,"stat.pickup.minecraft.end_crystal":1,"stat.drop.minecraft.water_bucket":1,"stat.killEntity.CaveSpider":15,"stat.pickup.valkyrielib.modifier_speed":41,"stat.damageDealt":103801,"stat.pickup.minecraft.end_bricks":2,"stat.craftItem.minecraft.gravel":100,"stat.craftItem.nuclearcraft.part":21,"stat.craftItem.minecraft.stone_shovel":1,"stat.mineBlock.integrateddynamics.squeezer":1,"stat.useItem.morecauldrons.oak_cauldron":3,"stat.pickup.minecraft.stick":59,"stat.craftItem.cyclicmagic.item_pipe":8,"stat.pickup.sky_orchards.acorn_clay":44,"stat.craftItem.buildinggadgets.exchangertool":1,"stat.pickup.rustic.apple_seeds":1,"stat.craftItem.bdsandm.metal_barrel":1,"stat.pickup.sky_orchards.acorn_emerald":5,"stat.mineBlock.nuclearcraft.manufactory_active":1,"stat.drop.tombstone.tablet_of_assistance":2,"stat.mineBlock.sky_orchards.log_gravel":5,"stat.craftItem.minecraft.diamond_boots":2,"stat.mineBlock.bdsandm.metal_barrel":1,"stat.pickup.sky_orchards.acorn_gravel":14,"stat.craftItem.minecraft.redstone":639,"stat.drop.sky_orchards.sapling_diamond":1,"stat.useItem.minecraft.cactus":3,"stat.pickup.minecraft.chorus_fruit":12,"stat.pickup.thermaldynamics.servo":1,"stat.drop.minecraft.purpur_block":1,"stat.pickup.sky_orchards.sapling_silver":1,"stat.craftItem.appliedenergistics2.crystal_seed":8,"stat.craftItem.bdsandm.wood_crate":2,"stat.killEntity.Chicken":3,"stat.mineBlock.minecraft.quartz_ore":23,"stat.craftItem.minecraft.fence":303,"stat.pickup.tp.blueberry_berry":1,"stat.craftItem.sky_orchards.amber_diamond":5,"stat.mineBlock.tp.emerald_cobblegen_block":6,"stat.mineBlock.tconstruct.seared":7,"stat.craftItem.sky_orchards.amber_nickel":64,"stat.craftItem.nuclearcraft.upgrade":11,"stat.pickup.industrialforegoing.mob_slaughter_factory":14,"stat.mineBlock.matteroverdrive.tritanium_ore":38,"stat.pickup.minecraft.wooden_slab":54,"stat.leaveGame":19,"stat.craftItem.thermalfoundation.wrench":1,"stat.pickup.sky_orchards.resin_prosperity":5,"stat.pickup.tconstruct.edible":31,"stat.pickup.sky_orchards.amber_clay":2,"stat.mineBlock.tconstruct.channel":5,"stat.mineBlock.rustic.leaves":2,"stat.drop.mekanism.tierinstaller":1,"stat.craftItem.tombstone.tablet_of_assistance":1,"stat.craftItem.minecraft.ender_eye":8,"stat.craftItem.minecraft.stone_pressure_plate":1,"stat.pickup.sky_orchards.resin_cottonwood":8,"stat.pickup.sky_orchards.acorn_diamond":4,"stat.craftItem.sky_orchards.amber_clay":2,"stat.craftItem.telepastries.nether_cake":1,"stat.craftItem.sky_orchards.sapling_gravel":1,"stat.pickup.sky_orchards.sapling_dirt":18,"stat.pickup.minecraft.brick_block":1,"stat.mineBlock.twilightforest.cicada":2,"stat.mineBlock.minecraft.wooden_slab":19,"stat.mineBlock.rftoolspower.cell3":7,"stat.mineBlock.rftoolspower.cell1":9,"stat.pickup.nuclearcraft.ingot_former_idle":3,"stat.mineBlock.rustic.log":1,"stat.killEntity.Witch":2,"stat.craftItem.bdsandm.upgrade":10,"stat.pickup.sky_orchards.resin_petrified":70,"stat.pickup.xlfoodmod.strawberry_seeds":1,"stat.pickup.twilightforest.cicada":2,"stat.craftItem.minecraft.wooden_pickaxe":1,"stat.mineBlock.minecraft.brick_block":1,"stat.craftItem.clickmachine.auto_clicker":1,"stat.craftItem.minecraft.bed":1,"stat.mineBlock.deepmoblearning.simulation_chamber":1,"stat.pickup.cyclicmagic.item_pump":3,"stat.craftItem.mekanism.configurator":1,"stat.mineBlock.minecraft.hopper":4,"stat.pickup.thermalfoundation.material":52,"stat.craftItem.tp.iron_cobblegen_block":1,"stat.pickup.industrialforegoing.pink_slime":1,"stat.useItem.statues.blockplayerstatue":2,"stat.killEntity.ZombieVillager":3,"stat.craftItem.cyclicmagic.fluid_pipe":8,"stat.craftItem.industrialforegoing.dryrubber":84,"stat.killEntity.pink_slime":2,"stat.drop.sky_orchards.acorn_coal":3,"stat.craftItem.chiselsandbits.wrench_wood":1,"stat.craftItem.tp.emerald_cobblegen_block":1,"stat.pickup.minecraft.beef":48,"stat.pickup.industrialforegoing.tree_fluid_extractor":1,"stat.pickup.inspirations.potato_seeds":5,"stat.mineBlock.minecraft.stained_hardened_clay":7,"stat.pickup.sky_orchards.sapling_coal":50,"stat.pickup.minecraft.potion":1,"stat.pickup.tconstruct.smeltery_io":4,"stat.craftItem.deepmoblearning.extraction_chamber":1,"stat.drop.rustic.sapling_apple":1,"stat.craftItem.minecraft.dropper":14,"stat.pickup.sky_orchards.leaves_coal":13,"stat.drop.sky_orchards.amber_lapis":3,"stat.useItem.minecraft.dye":51,"stat.pickup.mekanism.dust":8,"stat.pickup.chisel.marble2":6,"stat.killEntity.thermalfoundation.blitz":2,"stat.mineBlock.minecraft.tallgrass":262,"stat.pickup.tconstruct.seared":8,"stat.useItem.minecraft.splash_potion":1,"stat.craftItem.minecraft.light_weighted_pressure_plate":2,"stat.useItem.minecraft.stone":33,"stat.pickup.minecraft.arrow":64,"stat.craftItem.mekanism.machineblock":5,"stat.craftItem.appliedenergistics2.part":18,"stat.mineBlock.rustic.deathstalk_mushroom":5,"stat.drop.minecraft.iron_pickaxe":1,"stat.drop.tombstone.lost_tablet":1,"stat.pickup.inspirations.materials":1,"stat.pickup.tconstruct.cast_custom":1,"stat.mineBlock.minecraft.chest":13,"stat.pickup.minecraft.painting":31,"stat.craftItem.minecraft.hopper":23,"stat.pickup.minecraft.nether_brick_fence":1,"stat.pickup.sky_orchards.sapling_tin":1,"stat.mineBlock.cyclicmagic.fluid_pipe":12,"stat.pickup.bdsandm.metal_crate":1,"stat.pickup.minecraft.wheat_seeds":13,"stat.craftItem.sky_orchards.acorn_iron":192,"stat.drop.mysticalagriculture.crafting":1,"stat.mineBlock.minecraft.glass":1,"stat.pickup.darkutils.material":13,"stat.mineBlock.minecraft.dirt":34,"stat.pickup.sky_orchards.acorn_iron":98,"stat.pickup.minecraft.brewing_stand":1,"stat.pickup.inspirations.carrot_seeds":5,"stat.useItem.minecraft.cobblestone":271,"stat.pickup.cyclicmagic.auto_packager":7,"stat.mineBlock.minecraft.double_plant":2,"stat.pickup.minecraft.iron_pickaxe":1,"stat.useItem.tconstruct.pickaxe":60,"stat.mineBlock.minecraft.end_rod":3,"stat.craftItem.appliedenergistics2.drive":2,"stat.craftItem.minecraft.gold_ingot":174,"stat.pickup.minecraft.hopper":4,"stat.craftItem.minecraft.brewing_stand":1,"stat.drop.deepmoblearning.deep_learner":2,"stat.pickup.minecraft.banner":1,"stat.pickup.integrateddynamics.squeezer":1,"stat.mineBlock.minecraft.log":1,"stat.mineBlock.simplegenerators.fluid_combustion_simple":1,"stat.pickup.rustic.sapling_apple":2,"stat.useItem.cyclicmagic.fluid_pipe":11,"stat.pickup.minecraft.red_flower":11,"stat.mineBlock.sky_orchards.log_cottonwood":5,"stat.pickup.minecraft.wool":5,"stat.mineBlock.cyclicmagic.energy_pipe":37,"stat.useItem.minecraft.wooden_axe":59,"stat.craftItem.storagenetwork.remote":1,"stat.craftItem.minecraft.diamond_leggings":2,"stat.drop.tconstruct.slime_sapling":2,"stat.mineBlock.minecraft.yellow_flower":28,"stat.useItem.minecraft.skull":11,"stat.craftItem.thermalfoundation.storage_alloy":1,"stat.craftItem.minecraft.wool":1,"stat.mineBlock.astralsorcery.blockcustomore":7,"stat.mineBlock.cyclicmagic.uncrafting_block":1,"stat.pickup.tombstone.tablet_of_assistance":1,"stat.pickup.industrialforegoing.range_addon":1,"stat.mineBlock.cyclicmagic.energy_pump":6,"stat.craftItem.chargers.wireless_charger":1,"stat.craftItem.pickletweaks.stone_paxel":1,"stat.pickup.conarm.armorforge":1,"stat.useItem.minecraft.egg":21,"stat.drop.bdsandm.wood_crate":1,"stat.craftItem.minecraft.cooked_beef":2,"stat.mineBlock.sky_orchards.leaves_dirt":11,"stat.craftItem.sky_orchards.amber_gold":74,"stat.craftItem.cyclicmagic.item_pump":1,"stat.drop.rustic.fertile_soil":1,"stat.flyOneCm":4305262,"stat.pickup.rustic.slate":86,"stat.craftItem.minecraft.stained_glass":8,"stat.craftItem.bdsandm.wood_barrel":1,"stat.timeSinceDeath":37551,"stat.craftItem.rftoolspower.cell3":2,"stat.craftItem.rftoolspower.cell1":2,"stat.craftItem.rftoolspower.cell2":2,"stat.craftItem.tconstruct.slime_dirt":1,"stat.craftItem.tconstruct.seared":71,"stat.pickup.chargers.charger":4,"stat.craftItem.minecraft.concrete_powder":24,"stat.mineBlock.minecraft.coal_ore":2,"stat.useItem.tp.toasted_bread":1,"stat.drop.telepastries.nether_cake":1,"stat.pickup.minecraft.string":56,"stat.pickup.sky_orchards.amber_iron":61,"stat.pickup.cyclicmagic.tool_elevate":1,"stat.mineBlock.minecraft.chorus_flower":4,"stat.craftItem.tconstruct.tooltables":1,"stat.pickup.sky_orchards.sapling_bacon":2,"stat.craftItem.minecraft.wooden_axe":1,"stat.craftItem.nuclearcraft.ingot_former_idle":1,"stat.mineBlock.minecraft.diamond_ore":6,"stat.craftItem.mysticalagriculture.tier1_inferium_seeds":5,"stat.craftItem.valkyrielib.modifier_speed":11,"stat.drop.farmingforblockheads.market":1,"stat.craftItem.bdsandm.crate_key":1,"stat.drop.minecraft.lava_bucket":1,"stat.craftItem.minecraft.wooden_pressure_plate":5,"stat.craftItem.nuclearcraft.melter_idle":1,"stat.mineBlock.tp.blueberry_bush":1,"stat.craftItem.sync.item_treadmill":1,"stat.craftItem.deepmoblearning.machine_casing":2,"stat.pickup.mekanism.tierinstaller":1,"stat.killEntity.twilightforest.fire_beetle":2,"stat.diveOneCm":4654,"stat.pickup.tconstruct.tooltables":5,"stat.mineBlock.clickmachine.auto_clicker":9,"stat.useItem.bonsaitrees.bonsaipot":69,"stat.mineBlock.nuclearcraft.ingot_former_idle":2,"stat.craftItem.chargers.charger":3,"stat.craftItem.deepmoblearning.deep_learner":2,"stat.pickup.mysticalagriculture.tier3_inferium_seeds":1,"stat.pickup.matteroverdrive.tritanium_ore":40,"stat.craftItem.minecraft.diamond_sword":2,"stat.jump":15426,"stat.useItem.minecraft.sand":4,"stat.mineBlock.nuclearcraft.water_source":2,"stat.craftItem.ironjetpacks.stone_jetpack":2,"stat.craftItem.minecraft.torch":1236,"stat.craftItem.deepmoblearning.data_model_twilight_forest":1,"stat.mineBlock.minecraft.purpur_block":1,"stat.craftItem.cyclicmagic.placer_block":1,"stat.pickup.chargers.wireless_charger":10,"stat.useItem.minecraft.glass":1,"stat.pickup.rustic.log":1,"stat.craftItem.storagenetwork.controller":1,"stat.pickup.sky_orchards.resin_bone":15,"stat.craftItem.practicallogistics2.hammer":1,"stat.pickup.minecraft.gold_ore":3,"stat.mineBlock.nuclearcraft.glowing_mushroom":2,"stat.mineBlock.minecraft.glass_pane":7,"stat.damageTaken":21710,"stat.pickup.twilightforest.firefly":1,"stat.craftItem.deepmoblearning.data_model_wither_skeleton":1,"stat.drop.sky_orchards.acorn_diamond":4,"stat.pickup.simplegenerators.culinary_simple":3,"stat.pickup.appliedenergistics2.storage_cell_1k":1,"stat.drop.sky_orchards.sapling_gravel":1,"stat.drop.sky_orchards.sapling_silver":1,"stat.craftItem.sky_orchards.amber_lead":68,"stat.pickup.bdsandm.upgrade":1,"stat.pickup.minecraft.bed":1,"stat.useItem.sky_orchards.amber_iron":22,"stat.useItem.forge.bucketfilled":16,"stat.killEntity.Shulker":3,"stat.useItem.mob_grinding_utils.spikes":15,"stat.killEntity.Silverfish":4,"stat.craftItem.minecraft.stone_slab":276,"stat.craftItem.sky_orchards.amber_petrified":12,"stat.useItem.minecraft.chest":72,"stat.pickup.sky_orchards.leaves_gold":1,"stat.pickup.sky_orchards.sapling_bone":7,"stat.craftItem.ironjetpacks.stone_capacitor":2,"stat.pickup.sky_orchards.leaves_sand":3,"stat.useItem.inspirations.pipe":3,"stat.craftItem.mekanism.ingot":99,"stat.pickup.tp.emerald_cobblegen_block":6,"stat.craftItem.sky_orchards.amber_silver":1,"stat.useItem.cyclicmagic.heart_food":1,"stat.craftItem.rustic.crushing_tub":2,"stat.pickup.thermalfoundation.storage":2,"stat.pickup.minecraft.ender_pearl":7,"stat.drop.minecraft.wooden_slab":18,"stat.pickup.simplegenerators.fluid_combustion_simple":1,"stat.useItem.minecraft.netherrack":114,"stat.craftItem.minecraft.stained_glass_pane":16,"stat.craftItem.cyclicmagic.fluid_pump":6,"stat.mineBlock.minecraft.stonebrick":6,"stat.pickup.simplegenerators.combustion_simple":1,"stat.mineBlock.minecraft.glowstone":21,"stat.craftItem.sky_orchards.acorn_clay":92,"stat.craftItem.minecraft.shears":2,"stat.pickup.deepmoblearning.deep_learner":3,"stat.pickup.minecraft.torch":98,"stat.craftItem.mekanism.controlcircuit":14,"stat.drop.minecraft.stone_axe":1,"stat.mineBlock.tp.cobblegen_block":8,"stat.drop.minecraft.arrow":3,"stat.craftItem.sky_orchards.sapling_cottonwood":1,"stat.useItem.sky_orchards.sapling_cottonwood":1,"stat.pickup.tconstruct.wooden_hopper":3,"stat.craftItem.minecraft.iron_axe":4,"stat.killEntity.twilightforest.swarm_spider":1,"stat.pickup.mob_grinding_utils.saw":1,"stat.craftItem.storagenetwork.request":1,"stat.useItem.minecraft.planks":76,"stat.craftItem.sky_orchards.sapling_petrified":1,"stat.pickup.appliedenergistics2.drive":1,"stat.pickup.minecraft.blaze_powder":1,"stat.useItem.minecraft.water_bucket":37,"stat.craftItem.mob_grinding_utils.saw":3,"stat.entityKilledBy.Spider":1,"stat.craftItem.mekanism.basicblock":3,"stat.pickup.nuclearcraft.water_source":2,"stat.drop.appliedenergistics2.part":1,"stat.pickup.bdsandm.metal_barrel":1,"stat.useItem.minecraft.ender_pearl":1,"stat.craftItem.cyclicmagic.sprinkler":1,"stat.craftItem.minecraft.blaze_powder":46,"stat.craftItem.storagenetwork.process_kabel":4,"stat.drop.ceramics.clay_bucket":1,"stat.craftItem.tombstone.crafting_ingredient":1,"stat.pickup.xlfoodmod.lettuce_seeds":5,"stat.pickup.appliedenergistics2.inscriber":2,"stat.craftItem.nuclearcraft.ingot":50,"stat.pickup.nuclearcraft.manufactory_idle":2,"stat.useItem.minecraft.redstone":25,"stat.craftItem.mob_grinding_utils.saw_upgrade":1,"stat.craftItem.ironjetpacks.iron_capacitor":2,"stat.pickup.tconstruct.cast":1,"stat.killEntity.twilightforest.wraith":12,"stat.mineBlock.minecraft.end_bricks":2,"stat.pickup.xlfoodmod.vanilla_flower":3,"stat.pickup.minecraft.end_rod":3,"stat.craftItem.industrialforegoing.range_addon":1,"stat.pickup.minecraft.skull":5,"stat.mineBlock.industrialforegoing.mob_slaughter_factory":14,"stat.pickup.deepmoblearning.soot_covered_redstone":28,"stat.craftItem.minecraft.sand":189,"stat.craftItem.appliedenergistics2.quartz_glass":12,"stat.craftItem.nuclearcraft.gem":10,"stat.drop.sky_orchards.sapling_sand":1,"stat.useItem.minecraft.hopper":3,"stat.craftItem.minecraft.heavy_weighted_pressure_plate":26,"stat.pickup.xlfoodmod.pepper_seeds":1,"stat.playOneMinute":2001839,"stat.drop.minecraft.string":2,"stat.craftItem.appliedenergistics2.energy_cell":1,"stat.mineBlock.storagenetwork.request":1,"stat.pickup.minecraft.dispenser":1,"stat.drop.sky_orchards.sapling_gold":1,"stat.craftItem.appliedenergistics2.material":9,"stat.craftItem.minecraft.carpet":3,"stat.pickup.conarm.chestplate":1,"stat.craftItem.tp.cobblegen_block":1,"stat.mineBlock.minecraft.netherrack":301,"stat.mineBlock.minecraft.dispenser":1,"stat.mineBlock.bdsandm.metal_crate":1,"stat.killEntity.twilightforest.death_tome":16,"stat.useItem.inspirations.wooden_crook":118,"stat.mineBlock.rustic.slate":85,"stat.mineBlock.tconstruct.faucet":5,"stat.pickup.tconstruct.seared_furnace_controller":1,"stat.craftItem.mob_grinding_utils.spikes":8,"stat.craftItem.minecraft.iron_nugget":27,"stat.fallOneCm":1665583,"stat.drop.minecraft.dye":2,"stat.craftItem.minecraft.chest":228,"stat.mineBlock.minecraft.lever":2,"stat.pickup.rustic.horsetail":4,"stat.craftItem.cyclicmagic.block_anvil":1,"stat.pickup.sky_orchards.sapling_sand":31,"stat.mineBlock.nuclearcraft.ore":104,"stat.craftItem.ironjetpacks.strap":2,"stat.pickup.minecraft.feather":2,"stat.mineBlock.conarm.armorforge":1,"stat.pickup.tconstruct.channel":8,"stat.pickup.sky_orchards.sapling_gold":4,"stat.craftItem.rftoolspower.power_core2":8,"stat.craftItem.rftoolspower.power_core3":8,"stat.pickup.rustic.fertile_soil":4,"stat.craftItem.rftoolspower.power_core1":8,"stat.mineBlock.sky_orchards.sapling_petrified":1,"stat.useItem.minecraft.stone_pickaxe":267,"stat.craftItem.tconstruct.seared_tank":1,"stat.craftItem.sky_orchards.amber_tin":2,"stat.pickup.twilightforest.trophy":1,"stat.mineBlock.minecraft.monster_egg":1,"stat.mineBlock.cyclicmagic.block_storeempty":6,"stat.craftItem.tconstruct.channel":3,"stat.pickup.sky_orchards.leaves_clay":74,"stat.drop.pickletweaks.stone_paxel":1,"stat.craftItem.ceramics.clay_bucket":5,"stat.killEntity.twilightforest.redcap":12,"stat.killEntity.LavaSlime":8,"stat.craftItem.appliedenergistics2.energy_acceptor":1,"stat.pickup.minecraft.log":211,"stat.craftItem.deepmoblearning.data_model_zombie":1,"stat.useItem.sky_orchards.acorn_iron":83,"stat.pickup.mekanism.machineblock":5,"stat.pickup.matteroverdrive.rogue_android_part":9,"stat.pickup.industrialforegoing.fluid_pump":6,"stat.craftItem.sky_orchards.acorn_sand":104,"stat.entityKilledBy.Enderman":1,"stat.mineBlock.minecraft.iron_block":1,"stat.useItem.xlfoodmod.donut":1,"stat.craftItem.ironjetpacks.iron_thruster":4,"stat.craftItem.tconstruct.smeltery_controller":1,"stat.craftItem.minecraft.waterlily":4,"stat.killEntity.rogue_android":23,"stat.mineBlock.sky_orchards.log_clay":4,"stat.useItem.minecraft.stone_hoe":8,"stat.craftItem.simplegenerators.geothermal_upgradable":5,"stat.sneakTime":83862,"stat.entityKilledBy.Blaze":3,"stat.pickup.minecraft.chest":13,"stat.craftItem.minecraft.enchanting_table":1,"stat.pickup.conarm.helmet":1,"stat.craftItem.deepmoblearning.data_model_twilight_swamp":1,"stat.craftItem.tconstruct.faucet":1,"stat.craftItem.sky_orchards.amber_iron":552,"stat.swimOneCm":18128,"stat.pickup.realfilingcabinet.folder":1,"stat.useItem.minecraft.dirt":40,"stat.pickup.minecraft.purpur_block":1,"stat.useItem.storagenetwork.remote":1,"stat.craftItem.cyclicmagic.dehydrator":1,"stat.pickup.minecraft.gold_block":2,"stat.pickup.minecraft.clay":1,"stat.pickup.appliedenergistics2.material":6,"stat.drop.minecraft.wheat_seeds":2,"stat.pickup.sky_orchards.sapling_lead":35,"stat.craftItem.minecraft.wooden_slab":294,"stat.mineBlock.sky_orchards.leaves_cottonwood":34,"stat.craftItem.tp.blaze_cobblegen_block":1,"stat.drop.tconstruct.tooltables":1,"stat.mineBlock.minecraft.coal_block":2,"stat.pickup.minecraft.stonebrick":8,"stat.craftItem.industrialforegoing.latex_processing_unit":1,"stat.useItem.sky_orchards.sapling_clay":9,"stat.craftItem.minecraft.blaze_rod":20,"stat.drop.sky_orchards.sapling_cottonwood":1,"stat.craftItem.minecraft.brick_block":34,"stat.craftItem.mekanism.energytablet":1,"stat.craftItem.minecraft.stone_slab2":0,"stat.pickup.sky_orchards.sapling_cottonwood":4,"stat.craftItem.sky_orchards.amber_emerald":16,"stat.pickup.tombstone.lost_tablet":1,"stat.useItem.minecraft.stone_slab":195,"stat.craftItem.deepmoblearning.data_model_tinker_slime":1,"stat.craftItem.minecraft.stone":207,"stat.mineBlock.minecraft.crafting_table":1,"stat.useItem.minecraft.diamond_pickaxe":1834,"stat.craftItem.deepmoblearning.simulation_chamber":1,"stat.killEntity.Endermite":1,"stat.craftItem.nuclearcraft.dust":16,"stat.drop.deepmoblearning.data_model_zombie":2,"stat.drop.sky_orchards.resin_osmium":3,"stat.craftItem.sky_orchards.sapling_clay":1,"stat.pickup.minecraft.slime_ball":16,"stat.drop.minecraft.blaze_rod":2,"stat.drop.sky_orchards.acorn_lead":1,"stat.craftItem.minecraft.diamond_pickaxe":2,"stat.craftItem.minecraft.clay":142,"stat.pickup.tconstruct.toolforge":1,"stat.mineBlock.sky_orchards.leaves_bone":29,"stat.pickup.minecraft.gravel":41,"stat.mineBlock.tconstruct.smeltery_controller":14,"stat.pickup.deepmoblearning.data_model_enderman":1,"stat.mineBlock.appliedenergistics2.drive":1,"stat.mineBlock.mob_grinding_utils.saw":4,"stat.mineBlock.tp.fmf_block":3,"stat.mineBlock.tconstruct.slime_dirt":1,"stat.useItem.tconstruct.rapier":2,"stat.pickup.astralsorcery.itemrockcrystalsimple":16,"stat.craftItem.minecraft.brick_stairs":20,"stat.pickup.minecraft.brick":41,"stat.craftItem.tconstruct.rack":8,"stat.pickup.conarm.leggings":1,"stat.pickup.sky_orchards.sapling_redstone":2,"stat.craftItem.bonsaitrees.bonsaipot":35,"stat.entityKilledBy.CaveSpider":1,"stat.pickup.minecraft.spider_eye":12,"stat.pickup.minecraft.iron_ore":12,"stat.drop.tconstruct.casting":1,"stat.pickup.tconstruct.slime_congealed":5,"stat.pickup.minecraft.leather":21,"stat.craftItem.industrialforegoing.plastic":77,"stat.dispenserInspected":1,"stat.pickup.matteroverdrive.dilithium_crystal":24,"stat.pickup.mysticalagriculture.crafting":245,"stat.pickup.minecraft.reeds":22,"stat.drop.tp.watering_can":1,"stat.pickup.tconstruct.materials":2,"stat.pickup.thermalfoundation.storage_alloy":1,"stat.craftItem.deepmoblearning.polymer_clay":576,"stat.craftItem.minecraft.glass":65,"stat.craftItem.resourcehogs.mud_bucket":1,"stat.craftItem.minecraft.cauldron":5,"stat.sleepInBed":4,"stat.pickup.twilightforest.twilight_log":1,"stat.killEntity.Cow":26,"stat.useItem.matteroverdrive.tritanium_ore":1,"stat.craftItem.minecraft.iron_sword":40,"stat.pickup.sky_orchards.acorn_bone":5,"stat.walkOneCm":3361838,"stat.playerKills":14,"stat.drop.resourcehogs.mud_bucket":1,"stat.entityKilledBy.twilightforest.wraith":2,"stat.mineBlock.matteroverdrive.dilithium_ore":22,"stat.pickup.minecraft.clay_ball":4,"stat.craftItem.inspirations.wooden_crook":3,"stat.craftItem.thermaldynamics.servo":2,"stat.craftItem.thermalfoundation.tool.bow_diamond":1,"stat.mineBlock.rftoolspower.information_screen":7,"stat.pickup.minecraft.stone":149,"stat.craftItem.sky_orchards.amber_redstone":64,"stat.drop.sky_orchards.sapling_coal":1,"stat.pickup.sky_orchards.sapling_gravel":40,"stat.mineBlock.thermalfoundation.ore_fluid":20,"stat.killEntity.Skeleton":40,"stat.drop.sky_orchards.sapling_dirt":1,"stat.mineBlock.minecraft.cactus":2,"stat.useItem.sky_orchards.acorn_clay":45,"stat.craftItem.cyclicmagic.energy_pipe":24,"stat.pickup.cyclicmagic.item_pipe":4,"stat.killEntity.Spider":26,"stat.pickup.minecraft.quartz":23,"stat.craftItem.valkyrielib.modifier_component":24,"stat.drop.tconstruct.ingots":1,"stat.craftItem.slabmachines.furnace_slab":4,"stat.mineBlock.minecraft.redstone_ore":4,"stat.mineBlock.tconstruct.casting":24,"stat.pickup.minecraft.elytra":1,"stat.pickup.rustic.core_root":5,"stat.craftItem.minecraft.coal_block":1,"stat.craftItem.minecraft.brick":262,"stat.mineBlock.minecraft.stone":860,"stat.mineBlock.mob_grinding_utils.spikes":16}