{"stat.pickup.valkyrielib.modifier_component":12,"stat.mineBlock.sky_orchards.log_coal":16,"stat.pickup.minecraft.wooden_slab":24,"stat.useItem.sky_orchards.sapling_cottonwood":1,"stat.leaveGame":10,"stat.craftItem.mysticalagriculture.infusion_crystal":1,"stat.mineBlock.cyclicmagic.item_pipe":1,"stat.craftItem.sky_orchards.amber_osmium":12,"stat.useItem.minecraft.planks":2,"stat.pickup.minecraft.blaze_powder":2,"stat.craftItem.mysticalagriculture.platinum_seeds":1,"stat.mineBlock.sky_orchards.log_dirt":6,"stat.drop.mekanism.machineblock":2,"stat.pickup.sky_orchards.resin_cottonwood":12,"stat.pickup.minecraft.rotten_flesh":36,"stat.pickup.sky_orchards.sapling_dirt":60,"stat.craftItem.mekanism.basicblock":1,"stat.craftItem.minecraft.stone_axe":1,"stat.killEntity.Enderman":2,"stat.drop.valkyrielib.modifier_speed":41,"stat.mineBlock.minecraft.wooden_slab":1,"stat.pickup.minecraft.brown_mushroom":4,"stat.pickup.inspirations.mulch":1,"stat.pickup.sky_orchards.resin_petrified":115,"stat.craftItem.minecraft.wooden_hoe":1,"stat.pickup.cyclicmagic.cyclic_wand_build":1,"stat.hopperInspected":1,"stat.craftItem.mekanism.energycube":2,"stat.pickup.mekanismgenerators.generator":1,"stat.pickup.thermalfoundation.material":19,"stat.furnaceInteraction":64,"stat.useItem.statues.blockplayerstatue":1,"stat.craftItem.thermalfoundation.material":22,"stat.pickup.sky_orchards.acorn_coal":113,"stat.pickup.minecraft.beef":8,"stat.craftItem.mysticalagriculture.crafting":879,"stat.pickup.mysticalagriculture.tier2_inferium_seeds":19,"stat.drop.sky_orchards.acorn_dirt":4,"stat.pickup.sky_orchards.acorn_dirt":45,"stat.pickup.minecraft.iron_chestplate":1,"stat.pickup.sky_orchards.sapling_coal":100,"stat.pickup.minecraft.skull":1,"stat.craftItem.minecraft.sand":39,"stat.craftItem.minecraft.dropper":2,"stat.pickup.sky_orchards.leaves_coal":32,"stat.craftItem.minecraft.heavy_weighted_pressure_plate":2,"stat.deaths":17,"stat.pickup.minecraft.egg":22,"stat.playOneMinute":650723,"stat.pickup.sky_orchards.sapling_lapis":1,"stat.drop.statues.blockplayerstatue":7,"stat.drop.cyclicmagic.item_pipe":8,"stat.useItem.sky_orchards.sapling_sand":2,"stat.chestOpened":631,"stat.pickup.inspirations.stone_crook":3,"stat.pickup.minecraft.arrow":24,"stat.craftItem.mekanism.machineblock":1,"stat.pickup.sky_orchards.acorn_petrified":122,"stat.useItem.inspirations.wooden_crook":1530,"stat.pickup.sky_orchards.resin_sand":63,"stat.craftItem.minecraft.coal":15,"stat.craftItem.minecraft.iron_nugget":18,"stat.pickup.sky_orchards.resin_gold":4,"stat.fallOneCm":677381,"stat.pickup.minecraft.carrot":3,"stat.crouchOneCm":22366,"stat.drop.cyclicmagic.item_pump":2,"stat.craftItem.minecraft.diamond":9,"stat.mineBlock.minecraft.chest":1,"stat.craftItem.minecraft.iron_ingot":72,"stat.craftItem.minecraft.chest":13,"stat.pickup.rustic.grape_stem":1,"stat.pickup.bonsaitrees.bonsaipot":144,"stat.craftItem.minecraft.hopper":2,"stat.craftingTableInteraction":114,"stat.mineBlock.sky_orchards.leaves_sand":67,"stat.pickup.sky_orchards.sapling_sand":59,"stat.drop.sky_orchards.resin_iron":5,"stat.pickup.sky_orchards.acorn_redstone":5,"stat.pickup.minecraft.feather":2,"stat.pickup.minecraft.dye":5,"stat.pickup.minecraft.planks":18,"stat.pickup.sky_orchards.resin_iron":6,"stat.pickup.minecraft.iron_leggings":1,"stat.pickup.minecraft.wheat_seeds":1,"stat.craftItem.sky_orchards.acorn_iron":32,"stat.mineBlock.sky_orchards.sapling_petrified":4,"stat.drop.mysticalagriculture.crafting":10,"stat.craftItem.minecraft.iron_leggings":1,"stat.mineBlock.sky_orchards.log_bone":8,"stat.mineBlock.minecraft.dirt":16,"stat.pickup.sky_orchards.acorn_iron":40,"stat.craftItem.integrateddynamics.squeezer":1,"stat.pickup.mekanism.ingot":15,"stat.pickup.sky_orchards.leaves_clay":6,"stat.pickup.minecraft.iron_nugget":6,"stat.craftItem.minecraft.redstone_block":36,"stat.drop.minecraft.rotten_flesh":2,"stat.pickup.advancementbook.advancement_book":1,"stat.pickup.sky_orchards.acorn_gold":16,"stat.useItem.minecraft.cobblestone":5,"stat.pickup.appliedenergistics2.energy_acceptor":1,"stat.pickup.cyclicmagic.sprout_seed":1,"stat.pickup.minecraft.redstone_block":11,"stat.drop.bonsaitrees.bonsaipot":4,"stat.pickup.minecraft.log":362,"stat.useItem.sky_orchards.acorn_iron":6,"stat.pickup.mekanism.machineblock":1,"stat.pickup.sky_orchards.resin_gravel":2,"stat.pickup.matteroverdrive.rogue_android_part":2,"stat.drop.xlfoodmod.coffee_cup":1,"stat.craftItem.minecraft.gold_ingot":171,"stat.pickup.sky_orchards.acorn_sand":121,"stat.pickup.minecraft.chicken":1,"stat.drop.appliedenergistics2.energy_acceptor":1,"stat.craftItem.minecraft.planks":208,"stat.drop.sky_orchards.resin_gold":64,"stat.mineBlock.sky_orchards.log_clay":14,"stat.drop.sky_orchards.acorn_gold":64,"stat.drop.tconstruct.edible":7,"stat.useItem.sky_orchards.sapling_coal":3,"stat.sneakTime":7988,"stat.mineBlock.sky_orchards.log_cottonwood":9,"stat.pickup.rustic.chili_pepper_seeds":1,"stat.useItem.minecraft.wooden_axe":169,"stat.useItem.tconstruct.slime_congealed":1,"stat.useItem.sky_orchards.sapling_dirt":3,"stat.drop.minecraft.wooden_axe":2,"stat.pickup.minecraft.chest":9,"stat.pickup.tp.fmf_block":1,"stat.pickup.minecraft.bone":19,"stat.mineBlock.minecraft.cobblestone":2,"stat.pickup.minecraft.flint":2,"stat.killEntity.Human":6,"stat.pickup.sky_orchards.resin_dirt":11,"stat.useItem.cyclicmagic.cyclic_wand_build":1,"stat.useItem.minecraft.diamond_sword":77,"stat.pickup.pickletweaks.coal_piece":5,"stat.craftItem.sky_orchards.amber_iron":6,"stat.swimOneCm":605,"stat.drop.minecraft.cobblestone":13,"stat.pickup.tconstruct.slime_leaves":2,"stat.drop.minecraft.brown_mushroom":1,"stat.useItem.sky_orchards.sapling_bone":2,"stat.useItem.minecraft.dirt":6,"stat.useItem.minecraft.stone_slab2":76,"stat.pickup.minecraft.purpur_block":1,"stat.pickup.minecraft.iron_boots":1,"stat.craftItem.minecraft.furnace":2,"stat.drop.minecraft.end_crystal":1,"stat.useItem.minecraft.egg":22,"stat.pickup.mysticalagriculture.infusion_crystal":1,"stat.mineBlock.minecraft.obsidian":1,"stat.mineBlock.sky_orchards.leaves_dirt":369,"stat.pickup.minecraft.cobblestone":19,"stat.craftItem.sky_orchards.amber_gold":12,"stat.craftItem.cyclicmagic.item_pump":2,"stat.mineBlock.minecraft.redstone_block":1,"stat.flyOneCm":204019,"stat.pickup.mekanism.enrichedalloy":1,"stat.mineBlock.sky_orchards.leaves_coal":46,"stat.pickup.sky_orchards.resin_coal":105,"stat.craftItem.minecraft.wooden_slab":48,"stat.pickup.sky_orchards.sapling_petrified":144,"stat.pickup.minecraft.redstone":17,"stat.timeSinceDeath":126806,"stat.mineBlock.sky_orchards.leaves_cottonwood":88,"stat.useItem.minecraft.wooden_slab":28,"stat.craftItem.minecraft.iron_block":1,"stat.mineBlock.mekanismgenerators.generator":1,"stat.pickup.minecraft.wooden_axe":1,"stat.drop.minecraft.dirt":4,"stat.craftItem.minecraft.concrete_powder":48,"stat.useItem.sky_orchards.sapling_clay":1,"stat.useItem.xlfoodmod.coffee":1,"stat.useItem.tp.toasted_bread":1,"stat.pickup.minecraft.string":6,"stat.useItem.tconstruct.edible":9,"stat.craftItem.minecraft.brick_block":6,"stat.pickup.tombstone.crafting_ingredient":4,"stat.mineBlock.sky_orchards.leaves_clay":105,"stat.craftItem.mekanism.energytablet":4,"stat.pickup.sky_orchards.sapling_cottonwood":9,"stat.craftItem.minecraft.stone_slab2":0,"stat.useItem.sky_orchards.sapling_petrified":22,"stat.sprintOneCm":414115,"stat.craftItem.minecraft.stick":72,"stat.craftItem.minecraft.wooden_axe":3,"stat.mineBlock.sky_orchards.leaves_petrified":903,"stat.craftItem.valkyrielib.modifier_speed":41,"stat.useItem.minecraft.diamond_pickaxe":6,"stat.useItem.minecraft.carrot":3,"stat.pickup.inspirations.wooden_crook":6,"stat.pickup.sky_orchards.amber_gravel":10,"stat.craftItem.minecraft.clay_ball":100,"stat.pickup.minecraft.diamond_chestplate":1,"stat.drop":92,"stat.mineBlock.bonsaitrees.bonsaipot":146,"stat.pickup.minecraft.iron_block":5,"stat.craftItem.minecraft.clay":25,"stat.diveOneCm":2831,"stat.pickup.minecraft.wheat":1,"stat.pickup.tconstruct.tooltables":1,"stat.pickup.sky_orchards.acorn_cottonwood":12,"stat.pickup.minecraft.sign":2,"stat.mineBlock.sky_orchards.leaves_bone":99,"stat.pickup.minecraft.gravel":50,"stat.pickup.minecraft.stone_axe":1,"stat.useItem.bonsaitrees.bonsaipot":107,"stat.pickup.minecraft.obsidian":3,"stat.pickup.mysticalagriculture.tier3_inferium_seeds":4,"stat.pickup.sky_orchards.resin_clay":39,"stat.craftItem.minecraft.brick_stairs":4,"stat.pickup.minecraft.diamond_sword":1,"stat.craftItem.minecraft.diamond_sword":1,"stat.pickup.minecraft.brick":30,"stat.jump":1914,"stat.useItem.minecraft.wooden_hoe":2,"stat.pickup.minecraft.iron_ingot":6,"stat.craftItem.bonsaitrees.bonsaipot":4,"stat.craftItem.minecraft.lever":1,"stat.useItem.minecraft.stone_axe":130,"stat.pickup.minecraft.gunpowder":129,"stat.pickup.minecraft.spider_eye":1,"stat.mineBlock.sky_orchards.log_sand":17,"stat.pickup.minecraft.dirt":161,"stat.pickup.tconstruct.slime_congealed":1,"stat.pickup.sky_orchards.resin_bone":12,"stat.damageTaken":5063,"stat.pickup.minecraft.leather":3,"stat.mineBlock.minecraft.torch":4,"stat.pickup.minecraft.end_crystal":1,"stat.pickup.mysticalagriculture.crafting":472,"stat.pickup.minecraft.reeds":28,"stat.pickup.sky_orchards.sapling_clay":33,"stat.pickup.statues.blockplayerstatue":10,"stat.damageDealt":3159,"stat.craftItem.minecraft.glass":4,"stat.sleepInBed":2,"stat.pickup.minecraft.end_bricks":4,"stat.pickup.nuclearcraft.gem_dust":1,"stat.killEntity.Cow":2,"stat.craftItem.minecraft.gravel":43,"stat.pickup.sky_orchards.acorn_bone":8,"stat.walkOneCm":2159407,"stat.pickup.ceramics.clay_bucket":1,"stat.useItem.minecraft.chest":10,"stat.pickup.minecraft.stick":136,"stat.pickup.minecraft.diamond_pickaxe":2,"stat.pickup.sky_orchards.sapling_bone":15,"stat.craftItem.cyclicmagic.item_pipe":8,"stat.pickup.minecraft.clay_ball":2,"stat.craftItem.inspirations.wooden_crook":12,"stat.pickup.sky_orchards.acorn_clay":50,"stat.drop.valkyrielib.modifier_component":16,"stat.pickup.sky_orchards.leaves_sand":24,"stat.craftItem.sky_orchards.amber_gravel":10,"stat.useItem.sky_orchards.acorn_redstone":3,"stat.craftItem.mekanism.ingot":24,"stat.drop.inspirations.wooden_crook":13,"stat.pickup.sky_orchards.acorn_gravel":11,"stat.craftItem.mekanismgenerators.generator":1,"stat.craftItem.minecraft.iron_chestplate":1,"stat.drop.sky_orchards.sapling_coal":4,"stat.pickup.sky_orchards.acorn_silver":64,"stat.craftItem.minecraft.redstone":270,"stat.killEntity.twilightforest.deer":1,"stat.pickup.minecraft.ender_pearl":2,"stat.pickup.sky_orchards.sapling_gravel":9,"stat.pickup.minecraft.gold_ingot":11,"stat.useItem.sky_orchards.acorn_clay":4,"stat.craftItem.mekanismgenerators.turbineblade":1,"stat.killEntity.Chicken":6,"stat.pickup.cyclicmagic.item_pipe":15,"stat.drop.sky_orchards.resin_clay":1,"stat.pickup.twilightforest.raw_venison":3,"stat.mobKills":19,"stat.craftItem.valkyrielib.modifier_component":48,"stat.pickup.minecraft.beetroot_seeds":1,"stat.pickup.minecraft.torch":2,"stat.craftItem.mekanism.controlcircuit":3,"stat.drop.minecraft.stone_axe":1,"stat.drop.minecraft.arrow":1,"stat.craftItem.minecraft.brick":64,"stat.mineBlock.sky_orchards.log_petrified":86}