{
  "sf4:age1/sapling/cottonwood": {
    "criteria": {
      "Obtain Cottonwood Sapling": "2021-01-18 17:10:17 +0200",
      "Completed Root": "2021-01-18 16:28:26 +0200"
    },
    "done": true
  },
  "tutorial:tutorial/oakplanks": {
    "criteria": {
      "Obtain Oak Wood Planks": "2021-01-18 16:39:12 +0200"
    },
    "done": false
  },
  "tutorial:tutorial/copied/greenslimydirt": {
    "criteria": {
      "Obtain Green Slime Dirt": "2021-01-18 21:11:42 +0200"
    },
    "done": false
  },
  "sf4:age1/complete": {
    "criteria": {
      "Completed OinkTree§r": "2021-01-18 21:10:50 +0200",
      "Completed Tin Man§r": "2021-01-18 19:07:54 +0200",
      "Completed Silver Spoon§r": "2021-01-18 20:44:27 +0200",
      "Completed Air Fryer§r": "2021-01-18 18:58:19 +0200",
      "Completed That\u0027s Dir-tree§r": "2021-01-18 16:37:25 +0200",
      "Completed You Cotton Be Kidding Me§r": "2021-01-18 17:10:17 +0200",
      "Completed Sticky Keys§r": "2021-01-18 16:49:23 +0200",
      "Completed Stone Crook§r": "2021-01-18 17:42:34 +0200",
      "Completed Silver Surfer§r": "2021-01-18 20:50:50 +0200",
      "Completed Water You Waiting For?§r": "2021-01-18 20:52:48 +0200",
      "Completed Break a Leg§r": "2021-01-18 16:51:07 +0200",
      "Completed This Tree is Forever§r": "2021-01-18 20:48:53 +0200",
      "Completed Blue Man Group§r": "2021-01-18 19:19:06 +0200",
      "Completed I Love Lucy§r": "2021-01-18 18:58:53 +0200",
      "Completed Hotbois§r": "2021-01-18 22:04:28 +0200",
      "Completed Palm Trees§r": "2021-01-18 17:14:13 +0200",
      "Completed Root": "2021-01-18 16:28:26 +0200",
      "Completed It\u0027s Tin This Pack§r": "2021-01-18 20:23:50 +0200",
      "Completed D\u0027OH!§r": "2021-01-18 22:03:51 +0200",
      "Completed Nap Time§r": "2021-01-18 20:11:29 +0200",
      "Completed Captain Hook§r": "2021-01-18 16:50:57 +0200",
      "Completed Trees to Diamonds§r": "2021-01-18 20:57:44 +0200",
      "Completed Cobble Cobble§r": "2021-01-18 19:45:58 +0200",
      "Completed Not a Helmet§r": "2021-01-18 20:47:54 +0200",
      "Completed Study in the Dark Arts§r": "2021-01-18 18:20:56 +0200",
      "Completed It\u0027s Electric§r": "2021-01-18 20:45:17 +0200",
      "Completed Dirty Dancing§r": "2021-01-18 18:57:49 +0200",
      "Completed Amber is the Color of my Dinosaur§r": "2021-01-18 19:57:26 +0200",
      "Completed SkyFactory 4§r": "2021-01-18 16:28:26 +0200",
      "Completed Don\u0027t Sieve on Me§r": "2021-01-18 16:44:46 +0200",
      "Completed Hog Tied§r": "2021-01-18 20:50:30 +0200",
      "Completed Lead Zeppelin§r": "2021-01-18 20:23:39 +0200",
      "Completed Lead it Go§r": "2021-01-18 20:45:03 +0200",
      "Completed Bubble, Bubble§r": "2021-01-18 19:02:07 +0200",
      "Completed One Shiny Boi§r": "2021-01-18 20:51:53 +0200",
      "Completed Money Grows on Trees§r": "2021-01-18 20:22:35 +0200",
      "Completed You Cotton Something?§r": "2021-01-18 17:17:23 +0200",
      "Completed Slop in the Bucket§r": "2021-01-18 19:01:46 +0200",
      "Completed On the Rocks§r": "2021-01-18 17:44:09 +0200",
      "Completed Starting from the Bottom§r": "2021-01-18 16:34:57 +0200",
      "Completed COALateral Damage§r": "2021-01-18 19:20:21 +0200",
      "Completed Oh, the Irony§r": "2021-01-18 20:47:21 +0200",
      "Completed Ironwood§r": "2021-01-18 20:22:25 +0200",
      "Completed Hardwood§r": "2021-01-18 16:45:02 +0200",
      "Completed Sixteen Tons§r": "2021-01-18 17:15:31 +0200",
      "Completed Eating Dirt§r": "2021-01-18 18:59:15 +0200",
      "Completed Stop Slabbing Yourself§r": "2021-01-18 19:21:39 +0200",
      "Completed Clay Aiken§r": "2021-01-18 16:54:38 +0200",
      "Completed I\u0027ve Been Slimed§r": "2021-01-18 21:11:42 +0200",
      "Completed I Don\u0027t Know§r": "2021-01-18 21:07:21 +0200"
    },
    "done": false
  },
  "sf4:age1/sapling/bacon": {
    "criteria": {
      "Completed Root": "2021-01-18 16:28:26 +0200",
      "Obtain Bacon Sapling": "2021-01-18 21:10:50 +0200"
    },
    "done": true
  },
  "sf4:age1/nonpacifist": {
    "criteria": {
      "superflat2": "2021-01-18 16:28:27 +0200",
      "superflat32": "2021-01-18 16:28:27 +0200",
      "Completed Root": "2021-01-18 16:28:26 +0200"
    },
    "done": true
  },
  "sf4:age1/sapling/slime": {
    "criteria": {
      "Completed Root": "2021-01-18 16:28:26 +0200",
      "Obtain Blue Slime Sapling": "2021-01-18 21:07:21 +0200"
    },
    "done": true
  },
  "sf4:age1/string": {
    "criteria": {
      "Obtain Cottonwood Sapling": "2021-01-18 17:10:17 +0200",
      "Completed Root": "2021-01-18 16:28:26 +0200",
      "Obtain String": "2021-01-18 17:17:23 +0200"
    },
    "done": true
  },
  "compactmachines:test/7x7x7": {
    "criteria": {
      "Obtain Netherrack": "2021-01-19 18:43:44 +0200"
    },
    "done": false
  },
  "sf4:age_storage/complete_no_prestige": {
    "criteria": {
      "Prestige Mode Disabled": "2021-01-18 16:28:26 +0200",
      "Completed I Like Big Box and I Cannot Lie§r": "2021-01-18 21:01:09 +0200",
      "Completed Age of Storage§r": "2021-01-18 16:28:26 +0200",
      "Completed Hop to It§r": "2021-01-18 22:41:23 +0200",
      "Completed ɹǝddoH§r": "2021-01-18 21:04:05 +0200"
    },
    "done": false
  },
  "sf4:age1/sapling/petrified": {
    "criteria": {
      "Completed Root": "2021-01-18 16:28:26 +0200",
      "Obtain Petrified Sapling": "2021-01-18 16:45:02 +0200"
    },
    "done": true
  },
  "sf4:age1/sapling/redstone": {
    "criteria": {
      "Completed Root": "2021-01-18 16:28:26 +0200",
      "Obtain Redstone Sapling": "2021-01-18 20:45:17 +0200"
    },
    "done": true
  },
  "sf4:age_power/overworldianmatter": {
    "criteria": {
      "Obtain Overworldian Matter": "2021-01-19 22:27:14 +0200"
    },
    "done": true
  },
  "compactmachines:test/3x3x3": {
    "criteria": {
      "Obtain Grass Block": "2021-01-18 19:31:03 +0200"
    },
    "done": false
  },
  "sf4:age1/sapling/tin": {
    "criteria": {
      "Completed Root": "2021-01-18 16:28:26 +0200",
      "Obtain Tin Sapling": "2021-01-18 20:23:50 +0200"
    },
    "done": true
  },
  "sf4:age1/wooden_crook": {
    "criteria": {
      "Completed Root": "2021-01-18 16:28:26 +0200",
      "Obtain Wooden Crook": "2021-01-18 16:50:57 +0200"
    },
    "done": true
  },
  "tutorial:tutorial/copied/sandsapling": {
    "criteria": {
      "Obtain Sand Sapling": "2021-01-18 17:14:13 +0200"
    },
    "done": false
  },
  "sf4:age_farming/bonsai": {
    "criteria": {
      "Obtain Bonsai Pot": "2021-01-18 19:59:28 +0200"
    },
    "done": true
  },
  "pacifist:pacifist_run/root": {
    "criteria": {
      "hasRock": "2021-01-18 16:28:26 +0200"
    },
    "done": false
  },
  "sf4:age_farming/sprinkler": {
    "criteria": {
      "Obtain Sprinkler": "2021-01-19 20:04:35 +0200"
    },
    "done": true
  },
  "sf4:age_storage/complete": {
    "criteria": {
      "Completed I Like Big Box and I Cannot Lie§r": "2021-01-18 21:01:09 +0200",
      "Completed Age of Storage§r": "2021-01-18 16:28:26 +0200",
      "Completed Hop to It§r": "2021-01-18 22:41:23 +0200",
      "Completed ɹǝddoH§r": "2021-01-18 21:04:05 +0200"
    },
    "done": false
  },
  "tutorial:tutorial/copied/slimesapling": {
    "criteria": {
      "Obtain Blue Slime Sapling": "2021-01-18 21:07:21 +0200"
    },
    "done": false
  },
  "sf4:age1/slabs": {
    "criteria": {
      "Obtain Chest Slab": "2021-01-18 19:21:39 +0200",
      "Completed Root": "2021-01-18 16:28:26 +0200"
    },
    "done": true
  },
  "sf4:age_farming/wheatseeds": {
    "criteria": {
      "Obtain Wheat Seeds": "2021-01-18 20:20:42 +0200"
    },
    "done": true
  },
  "tutorial:tutorial/copied/gold": {
    "criteria": {
      "Obtain Gold Amber": "2021-01-18 20:51:53 +0200"
    },
    "done": false
  },
  "sf4:age1/lavasource": {
    "criteria": {
      "Completed SkyFactory 4§r": "2021-01-18 16:28:26 +0200",
      "Completed Root": "2021-01-18 16:28:26 +0200"
    },
    "done": false
  },
  "tutorial:tutorial/copied/petrifiedsapling": {
    "criteria": {
      "Obtain Petrified Sapling": "2021-01-18 16:45:02 +0200"
    },
    "done": false
  },
  "tutorial:tutorial/copied/resourcehogs": {
    "criteria": {
      "Obtain Cobblestone Mud": "2021-01-18 20:50:30 +0200"
    },
    "done": false
  },
  "sf4:age_exploration/nether": {
    "criteria": {
      "Entered Nether": "2021-01-18 22:47:15 +0200"
    },
    "done": true
  },
  "hardcore:hardcore/forgivingvoid": {
    "criteria": {
      "Completed Age of Exploration§r": "2021-01-18 16:28:26 +0200"
    },
    "done": false
  },
  "sf4:age_enhancement/completenoprestige": {
    "criteria": {
      "Prestige Mode Disabled": "2021-01-18 16:28:26 +0200",
      "Completed Age of Enhancement§r": "2021-01-18 16:28:26 +0200"
    },
    "done": false
  },
  "sf4:age_storage/upper": {
    "criteria": {
      "Obtain Upper": "2021-01-18 21:04:05 +0200"
    },
    "done": true
  },
  "tutorial:tutorial/copied/goldsapling": {
    "criteria": {
      "Obtain Gold Sapling": "2021-01-18 20:22:35 +0200"
    },
    "done": false
  },
  "tutorial:tutorial/copied/watercollection": {
    "criteria": {
      "Right Click Cauldron with Water Inside": "2021-01-18 20:32:59 +0200"
    },
    "done": false
  },
  "sf4:age1/completenoprestige": {
    "criteria": {
      "Completed OinkTree§r": "2021-01-18 21:10:50 +0200",
      "Completed Tin Man§r": "2021-01-18 19:07:54 +0200",
      "Completed Silver Spoon§r": "2021-01-18 20:44:27 +0200",
      "Completed Air Fryer§r": "2021-01-18 18:58:19 +0200",
      "Prestige Mode Disabled": "2021-01-18 16:28:26 +0200",
      "Completed That\u0027s Dir-tree§r": "2021-01-18 16:37:25 +0200",
      "Completed You Cotton Be Kidding Me§r": "2021-01-18 17:10:17 +0200",
      "Completed Sticky Keys§r": "2021-01-18 16:49:23 +0200",
      "Completed Stone Crook§r": "2021-01-18 17:42:34 +0200",
      "Completed Silver Surfer§r": "2021-01-18 20:50:50 +0200",
      "Completed Water You Waiting For?§r": "2021-01-18 20:52:48 +0200",
      "Completed Break a Leg§r": "2021-01-18 16:51:07 +0200",
      "Completed This Tree is Forever§r": "2021-01-18 20:48:53 +0200",
      "Completed Blue Man Group§r": "2021-01-18 19:19:06 +0200",
      "Completed I Love Lucy§r": "2021-01-18 18:58:53 +0200",
      "Completed Hotbois§r": "2021-01-18 22:04:28 +0200",
      "Completed Palm Trees§r": "2021-01-18 17:14:13 +0200",
      "Completed Root": "2021-01-18 16:28:26 +0200",
      "Completed It\u0027s Tin This Pack§r": "2021-01-18 20:23:50 +0200",
      "Completed D\u0027OH!§r": "2021-01-18 22:03:51 +0200",
      "Completed Nap Time§r": "2021-01-18 20:11:29 +0200",
      "Completed Captain Hook§r": "2021-01-18 16:50:57 +0200",
      "Completed Trees to Diamonds§r": "2021-01-18 20:57:44 +0200",
      "Completed Cobble Cobble§r": "2021-01-18 19:45:58 +0200",
      "Completed Not a Helmet§r": "2021-01-18 20:47:54 +0200",
      "Completed Study in the Dark Arts§r": "2021-01-18 18:20:56 +0200",
      "Completed It\u0027s Electric§r": "2021-01-18 20:45:17 +0200",
      "Completed Dirty Dancing§r": "2021-01-18 18:57:49 +0200",
      "Completed Amber is the Color of my Dinosaur§r": "2021-01-18 19:57:26 +0200",
      "Completed SkyFactory 4§r": "2021-01-18 16:28:26 +0200",
      "Completed Don\u0027t Sieve on Me§r": "2021-01-18 16:44:46 +0200",
      "Completed Hog Tied§r": "2021-01-18 20:50:30 +0200",
      "Completed Lead Zeppelin§r": "2021-01-18 20:23:39 +0200",
      "Completed Lead it Go§r": "2021-01-18 20:45:03 +0200",
      "Completed Bubble, Bubble§r": "2021-01-18 19:02:07 +0200",
      "Completed One Shiny Boi§r": "2021-01-18 20:51:53 +0200",
      "Completed Money Grows on Trees§r": "2021-01-18 20:22:35 +0200",
      "Completed You Cotton Something?§r": "2021-01-18 17:17:23 +0200",
      "Completed Slop in the Bucket§r": "2021-01-18 19:01:46 +0200",
      "Completed On the Rocks§r": "2021-01-18 17:44:09 +0200",
      "Completed Starting from the Bottom§r": "2021-01-18 16:34:57 +0200",
      "Completed COALateral Damage§r": "2021-01-18 19:20:21 +0200",
      "Completed Oh, the Irony§r": "2021-01-18 20:47:21 +0200",
      "Completed Ironwood§r": "2021-01-18 20:22:25 +0200",
      "Completed Hardwood§r": "2021-01-18 16:45:02 +0200",
      "Completed Sixteen Tons§r": "2021-01-18 17:15:31 +0200",
      "Completed Eating Dirt§r": "2021-01-18 18:59:15 +0200",
      "Completed Stop Slabbing Yourself§r": "2021-01-18 19:21:39 +0200",
      "Completed Clay Aiken§r": "2021-01-18 16:54:38 +0200",
      "Completed I\u0027ve Been Slimed§r": "2021-01-18 21:11:42 +0200",
      "Completed I Don\u0027t Know§r": "2021-01-18 21:07:21 +0200"
    },
    "done": true
  },
  "sf4:age_farming/root": {
    "criteria": {
      "inventoryChange": "2021-01-18 16:28:26 +0200"
    },
    "done": true
  },
  "sf4:age_exploration/completenoprestige": {
    "criteria": {
      "Completed Age of Exploration§r": "2021-01-18 16:28:26 +0200",
      "Completed Nether Here Nor There§r": "2021-01-18 22:47:15 +0200",
      "Completed No Cake Like Home§r": "2021-01-18 21:23:32 +0200",
      "Prestige Mode Disabled": "2021-01-18 16:28:26 +0200"
    },
    "done": false
  },
  "sf4:age_power/root": {
    "criteria": {
      "inventoryChange": "2021-01-18 16:28:26 +0200"
    },
    "done": true
  },
  "tutorial:tutorial/copied/slabs": {
    "criteria": {
      "Obtain Chest Slab": "2021-01-18 19:21:39 +0200",
      "Obtain Furnace Slab": "2021-01-18 21:45:11 +0200"
    },
    "done": false
  },
  "tutorial:tutorial/copied/claysapling": {
    "criteria": {
      "Obtain a Clay Sapling": "2021-01-18 16:54:38 +0200"
    },
    "done": false
  },
  "tutorial:tutorial/copied/obsidian": {
    "criteria": {
      "Obtain Obsidian": "2021-01-18 18:20:56 +0200"
    },
    "done": false
  },
  "sf4:age1/sleep": {
    "criteria": {
      "Completed Root": "2021-01-18 16:28:26 +0200",
      "Right Click on Bed": "2021-01-18 20:11:29 +0200"
    },
    "done": true
  },
  "sf4:age1/sapling/lead": {
    "criteria": {
      "Completed Root": "2021-01-18 16:28:26 +0200",
      "Obtain Lead Sapling": "2021-01-18 20:23:39 +0200"
    },
    "done": true
  },
  "sf4:age1/sapling/diamond": {
    "criteria": {
      "Completed Root": "2021-01-18 16:28:26 +0200",
      "Obtain Diamond Sapling": "2021-01-18 20:48:53 +0200"
    },
    "done": true
  },
  "sf4:age1/watersource": {
    "criteria": {
      "Completed SkyFactory 4§r": "2021-01-18 16:28:26 +0200",
      "Completed Root": "2021-01-18 16:28:26 +0200"
    },
    "done": false
  },
  "sf4:age1/cauldron": {
    "criteria": {
      "Completed Root": "2021-01-18 16:28:26 +0200",
      "Obtain a Cauldron": "2021-01-18 19:02:07 +0200"
    },
    "done": true
  },
  "sf4:age1/cobblestone_generator": {
    "criteria": {
      "Completed Root": "2021-01-18 16:28:26 +0200",
      "Open Chest Filled with Cobblestone": "2021-01-18 19:45:58 +0200"
    },
    "done": true
  },
  "tutorial:tutorial/copied/cobblestone": {
    "criteria": {
      "Obtain Cobblestone Block": "2021-01-18 17:44:09 +0200"
    },
    "done": false
  },
  "sf4:age1/sapling/gravel": {
    "criteria": {
      "Completed Root": "2021-01-18 16:28:26 +0200",
      "Obtain Gravel Sapling": "2021-01-18 16:44:46 +0200"
    },
    "done": true
  },
  "sf4:age1/crushing_tub": {
    "criteria": {
      "Obtain Crushing Tub": "2021-01-18 18:58:53 +0200",
      "Completed Root": "2021-01-18 16:28:26 +0200"
    },
    "done": true
  },
  "sf4:age1/prestige_notify": {
    "criteria": {
      "Completed Root": "2021-01-18 16:28:26 +0200"
    },
    "done": false
  },
  "tutorial:tutorial/petrifiedacorn": {
    "criteria": {
      "Obtain Oak Wood Planks": "2021-01-18 16:43:37 +0200"
    },
    "done": false
  },
  "sf4:age1/lava": {
    "criteria": {
      "Completed Root": "2021-01-18 16:28:26 +0200",
      "Obtain Lava Iron Bucket": "2021-01-18 22:04:28 +0200"
    },
    "done": true
  },
  "pacifist:pacifist_run/lose": {
    "criteria": {
      "killed poor innocent creature": "2021-01-18 18:10:01 +0200"
    },
    "done": false
  },
  "sf4:age1/root": {
    "criteria": {
      "non_tutorial_start": "2021-01-18 16:28:26 +0200"
    },
    "done": true
  },
  "tutorial:tutorial/woodencrook": {
    "criteria": {
      "Obtain a Wooden Crook": "2021-01-18 16:50:57 +0200"
    },
    "done": false
  },
  "sf4:age1/sapling/donut": {
    "criteria": {
      "Completed Root": "2021-01-18 16:28:26 +0200",
      "Obtain Donut Sapling": "2021-01-18 22:03:51 +0200"
    },
    "done": true
  },
  "sf4:age_farming/fertilesoil": {
    "criteria": {
      "Obtain Fertile Soil": "2021-01-18 20:02:08 +0200"
    },
    "done": true
  },
  "tutorial:tutorial/copied/ironsapling": {
    "criteria": {
      "Obtain Iron Sapling": "2021-01-18 20:22:25 +0200"
    },
    "done": false
  },
  "sf4:age1/sapling/silver": {
    "criteria": {
      "Completed Root": "2021-01-18 16:28:26 +0200",
      "Obtain Silver Sapling": "2021-01-18 20:44:27 +0200"
    },
    "done": true
  },
  "sf4:age_power/completenoprestige": {
    "criteria": {
      "Prestige Mode Disabled": "2021-01-18 16:28:26 +0200",
      "Completed Generator, I Hardly Know Her§r": "2021-01-19 23:04:32 +0200",
      "Completed The Study Guide§r": "2021-01-19 19:55:40 +0200",
      "Completed Age of Power§r": "2021-01-18 16:28:26 +0200",
      "Completed What\u0027s the Matter with Overworldians?§r": "2021-01-19 22:27:14 +0200",
      "Completed Bring Me to Life§r": "2021-01-19 20:03:20 +0200"
    },
    "done": false
  },
  "sf4:age1/sapling/clay": {
    "criteria": {
      "Completed Root": "2021-01-18 16:28:26 +0200",
      "Obtain a Clay Sapling": "2021-01-18 16:54:38 +0200"
    },
    "done": true
  },
  "sf4:age1/cobblestone": {
    "criteria": {
      "Completed Root": "2021-01-18 16:28:26 +0200",
      "Obtain Cobblestone Block": "2021-01-18 17:44:09 +0200"
    },
    "done": true
  },
  "sf4:age1/sapling/gold": {
    "criteria": {
      "Completed Root": "2021-01-18 16:28:26 +0200",
      "Obtain Gold Sapling": "2021-01-18 20:22:35 +0200"
    },
    "done": true
  },
  "sf4:age_farming/hoppingbonsai": {
    "criteria": {
      "Obtain Bonsai Pot": "2021-01-18 20:17:22 +0200"
    },
    "done": true
  },
  "sf4:age_farming/sugarcaneseed": {
    "criteria": {
      "Obtain Sugar Cane Seeds": "2021-01-19 20:41:19 +0200"
    },
    "done": true
  },
  "tutorial:tutorial/dryingrack": {
    "criteria": {
      "Obtain Oak Wood Planks": "2021-01-18 18:58:19 +0200"
    },
    "done": false
  },
  "sf4:age1/amber/tin": {
    "criteria": {
      "Completed Root": "2021-01-18 16:28:26 +0200",
      "Obtain Tin Amber": "2021-01-18 19:07:54 +0200"
    },
    "done": true
  },
  "sf4:age1/acorn/dirt": {
    "criteria": {
      "Obtain Dirt Acorn": "2021-01-18 16:34:57 +0200",
      "Completed Root": "2021-01-18 16:28:26 +0200"
    },
    "done": true
  },
  "sf4:age_storage/compactstoragechest": {
    "criteria": {
      "Obtain Compact Storage Chest": "2021-01-18 21:01:09 +0200"
    },
    "done": true
  },
  "sf4:age_allthethingsomglol/complete": {
    "criteria": {
      "Completed Age of ALLTHETHINGSOMGLOL§r": "2021-01-18 16:28:26 +0200"
    },
    "done": false
  },
  "tutorial:tutorial/oakwood": {
    "criteria": {
      "Obtain Oak Wood": "2021-01-18 16:39:06 +0200"
    },
    "done": false
  },
  "sf4:age_enhancement/root": {
    "criteria": {
      "inventoryChange": "2021-01-18 16:28:26 +0200"
    },
    "done": true
  },
  "sf4:age_exploration/overworldcake": {
    "criteria": {
      "Obtain Overworld Cake": "2021-01-18 21:23:32 +0200"
    },
    "done": true
  },
  "sf4:age_exploration/complete": {
    "criteria": {
      "Completed Age of Exploration§r": "2021-01-18 16:28:26 +0200",
      "Completed Nether Here Nor There§r": "2021-01-18 22:47:15 +0200",
      "Completed No Cake Like Home§r": "2021-01-18 21:23:32 +0200"
    },
    "done": false
  },
  "sf4:age1/sapling/dirt": {
    "criteria": {
      "Obtain Dirt Sapling": "2021-01-18 16:37:25 +0200",
      "Completed Root": "2021-01-18 16:28:26 +0200"
    },
    "done": true
  },
  "sf4:age1/resourcehogs": {
    "criteria": {
      "Completed Root": "2021-01-18 16:28:26 +0200",
      "Obtain Cobblestone Mud": "2021-01-18 20:50:30 +0200"
    },
    "done": true
  },
  "sf4:age1/iron_ingot": {
    "criteria": {
      "Completed Root": "2021-01-18 16:28:26 +0200",
      "Obtain Iron Ingot": "2021-01-18 20:47:21 +0200"
    },
    "done": true
  },
  "sf4:age1/green_slimy_dirt": {
    "criteria": {
      "Completed Root": "2021-01-18 16:28:26 +0200",
      "Obtain Green Slime Dirt": "2021-01-18 21:11:42 +0200"
    },
    "done": true
  },
  "sf4:age_storage/hopper": {
    "criteria": {
      "Obtain Hopper": "2021-01-18 22:41:23 +0200"
    },
    "done": true
  },
  "sf4:age1/iron_bucket": {
    "criteria": {
      "Completed Root": "2021-01-18 16:28:26 +0200",
      "Obtain Iron Bucket": "2021-01-18 20:47:54 +0200"
    },
    "done": true
  },
  "tutorial:tutorial/copied/gravelsapling": {
    "criteria": {
      "Obtain Gravel Sapling": "2021-01-18 16:44:46 +0200"
    },
    "done": false
  },
  "sf4:age_farming/magicbeans": {
    "criteria": {
      "Obtain Sprout Seeds": "2021-01-19 18:53:54 +0200"
    },
    "done": true
  },
  "sf4:age1/amber/silver": {
    "criteria": {
      "Completed Root": "2021-01-18 16:28:26 +0200",
      "Obtain Silver Amber": "2021-01-18 20:50:50 +0200"
    },
    "done": true
  },
  "sf4:age1/amber/lead": {
    "criteria": {
      "Completed Root": "2021-01-18 16:28:26 +0200",
      "Obtain Lead Amber": "2021-01-18 20:45:03 +0200"
    },
    "done": true
  },
  "sf4:age_farming/brownmulch": {
    "criteria": {
      "Obtain Brown Mulch": "2021-01-18 20:15:00 +0200"
    },
    "done": true
  },
  "tutorial:tutorial/placedirtsapling": {
    "criteria": {
      "Placed Dirt Sapling": "2021-01-18 17:10:09 +0200"
    },
    "done": false
  },
  "tutorial:tutorial/copied/sleep": {
    "criteria": {
      "Slept in a bed": "2021-01-18 22:45:57 +0200"
    },
    "done": false
  },
  "sf4:age_power/deeplearner": {
    "criteria": {
      "Obtain Deep Learner": "2021-01-19 19:55:40 +0200"
    },
    "done": true
  },
  "sf4:age1/amber/gold": {
    "criteria": {
      "Completed Root": "2021-01-18 16:28:26 +0200",
      "Obtain Gold Amber": "2021-01-18 20:51:53 +0200"
    },
    "done": true
  },
  "tutorial:tutorial/dirtsapling": {
    "criteria": {
      "Obtain a Dirt Sapling": "2021-01-18 16:37:25 +0200"
    },
    "done": false
  },
  "tutorial:tutorial/copied/cauldron": {
    "criteria": {
      "Obtain a Cauldron": "2021-01-18 19:02:07 +0200"
    },
    "done": false
  },
  "sf4:age_farming/skyorchards": {
    "criteria": {
      "Obtain Dirt Sapling": "2021-01-18 16:37:25 +0200",
      "Obtain Lead Sapling": "2021-01-18 20:23:39 +0200",
      "Obtain Silver Sapling": "2021-01-18 20:44:27 +0200",
      "Obtain Coal Sapling": "2021-01-18 17:15:31 +0200",
      "Obtain Diamond Sapling": "2021-01-18 20:48:53 +0200",
      "Obtain Copper Sapling": "2021-01-19 18:27:15 +0200",
      "Obtain Cottonwood Sapling": "2021-01-18 17:10:17 +0200",
      "Obtain Lapis Sapling": "2021-01-18 19:19:06 +0200",
      "Obtain Bacon Sapling": "2021-01-18 21:10:50 +0200",
      "Obtain Donut Sapling": "2021-01-18 22:03:51 +0200",
      "Obtain Emerald Sapling": "2021-01-19 20:25:02 +0200",
      "Obtain Petrified Sapling": "2021-01-18 16:45:02 +0200",
      "Obtain Tin Sapling": "2021-01-18 20:23:50 +0200",
      "Obtain Nickel Sapling": "2021-01-19 18:01:25 +0200",
      "Obtain Iron Sapling": "2021-01-18 20:22:25 +0200",
      "Obtain Sand Sapling": "2021-01-18 17:14:13 +0200",
      "Obtain Gold Sapling": "2021-01-18 20:22:35 +0200",
      "Obtain Redstone Sapling": "2021-01-18 20:45:17 +0200",
      "Obtain Clay Sapling": "2021-01-18 16:54:38 +0200",
      "Obtain Gravel Sapling": "2021-01-18 16:44:46 +0200",
      "Obtain Bone Sapling": "2021-01-18 16:51:07 +0200"
    },
    "done": false
  },
  "sf4:age_exploration/waterinnether": {
    "criteria": {
      "Place Da Wata": "2021-01-18 22:48:01 +0200"
    },
    "done": false
  },
  "sf4:age_exploration/skygriddragonkill": {
    "criteria": {
      "Completed Age of Exploration§r": "2021-01-18 16:28:26 +0200"
    },
    "done": false
  },
  "tutorial:tutorial/copied/crushingtub": {
    "criteria": {
      "Obtain Crushing Tub": "2021-01-18 18:58:53 +0200"
    },
    "done": false
  },
  "tutorial:tutorial/copied/water": {
    "criteria": {
      "Obtain Water in an Iron Bucket": "2021-01-18 22:01:20 +0200",
      "Obtain Water in a Clay Bucket": "2021-01-18 20:52:48 +0200"
    },
    "done": false
  },
  "sf4:age1/sapling/lapis": {
    "criteria": {
      "Completed Root": "2021-01-18 16:28:26 +0200",
      "Obtain Lapis Sapling": "2021-01-18 19:19:06 +0200"
    },
    "done": true
  },
  "sf4:age1/coal": {
    "criteria": {
      "Completed Root": "2021-01-18 16:28:26 +0200",
      "Obtain Coal": "2021-01-18 19:20:21 +0200"
    },
    "done": true
  },
  "tutorial:tutorial/copied/iron": {
    "criteria": {
      "Obtain Iron Amber": "2021-01-18 19:57:26 +0200"
    },
    "done": false
  },
  "sf4:age_exploration/root": {
    "criteria": {
      "inventoryChange": "2021-01-18 16:28:26 +0200"
    },
    "done": true
  },
  "tutorial:tutorial/copied/coalsapling": {
    "criteria": {
      "Obtain Coal Sapling": "2021-01-18 17:15:31 +0200"
    },
    "done": false
  },
  "sf4:age_storage/root": {
    "criteria": {
      "inventoryChange": "2021-01-18 16:28:26 +0200"
    },
    "done": true
  },
  "sf4:age1/diamond": {
    "criteria": {
      "Obtain Diamond": "2021-01-18 20:57:44 +0200",
      "Completed Root": "2021-01-18 16:28:26 +0200"
    },
    "done": true
  },
  "sf4:age1/obsidian": {
    "criteria": {
      "Completed Root": "2021-01-18 16:28:26 +0200",
      "Obtain Obsidian": "2021-01-18 18:20:56 +0200"
    },
    "done": true
  },
  "tutorial:tutorial/copied/lava": {
    "criteria": {
      "Obtain Lava Iron Bucket": "2021-01-18 22:04:28 +0200"
    },
    "done": false
  },
  "sf4:age1/sapling/sand": {
    "criteria": {
      "Completed Root": "2021-01-18 16:28:26 +0200",
      "Obtain Sand Sapling": "2021-01-18 17:14:13 +0200"
    },
    "done": true
  },
  "sf4:age1/dirt": {
    "criteria": {
      "Completed Root": "2021-01-18 16:28:26 +0200",
      "Craft Dirt Block": "2021-01-18 18:57:49 +0200"
    },
    "done": true
  },
  "sf4:age1/sapling/coal": {
    "criteria": {
      "Completed Root": "2021-01-18 16:28:26 +0200",
      "Obtain Coal Sapling": "2021-01-18 17:15:31 +0200"
    },
    "done": true
  },
  "sf4:age_enhancement/complete": {
    "criteria": {
      "Completed Age of Enhancement§r": "2021-01-18 16:28:26 +0200"
    },
    "done": false
  },
  "tutorial:tutorial/copied/claybucket": {
    "criteria": {
      "Obtain Unfired Clay Bucket": "2021-01-18 19:01:46 +0200",
      "Obtain Clay Bucket": "2021-01-18 20:52:40 +0200"
    },
    "done": false
  },
  "sf4:age_power/simplegenerator": {
    "criteria": {
      "Obtain Simple Combustion Generator": "2021-01-19 23:04:32 +0200"
    },
    "done": true
  },
  "sf4:age1/sapling/iron": {
    "criteria": {
      "Completed Root": "2021-01-18 16:28:26 +0200",
      "Obtain Iron Sapling": "2021-01-18 20:22:25 +0200"
    },
    "done": true
  },
  "sf4:age1/stone_crook": {
    "criteria": {
      "Completed Root": "2021-01-18 16:28:26 +0200",
      "Obtain Stone Crook": "2021-01-18 17:42:34 +0200"
    },
    "done": true
  },
  "sf4:age1/sapling/bone": {
    "criteria": {
      "Completed Root": "2021-01-18 16:28:26 +0200",
      "Obtain Bone Sapling": "2021-01-18 16:51:07 +0200"
    },
    "done": true
  },
  "pacifist:pacifist_run/peaceful": {
    "criteria": {
      "brokeLeaves": "2021-01-18 16:34:55 +0200",
      "brokeLog": "2021-01-18 16:50:15 +0200"
    },
    "done": false
  },
  "sf4:age1/water": {
    "criteria": {
      "Completed Root": "2021-01-18 16:28:26 +0200",
      "Obtain Water in a Clay Bucket": "2021-01-18 20:52:48 +0200"
    },
    "done": true
  },
  "sf4:age1/acorn/dirt_cooked": {
    "criteria": {
      "Completed Root": "2021-01-18 16:28:26 +0200",
      "Obtain Cooked Dirt Acorn": "2021-01-18 18:59:15 +0200"
    },
    "done": true
  },
  "sf4:age1/twerk": {
    "criteria": {
      "Completed Root": "2021-01-18 16:28:26 +0200",
      "Obtain 8 Dirt Saplings": "2021-01-18 16:49:23 +0200",
      "Obtain 8 Oak Logs": "2021-01-18 16:49:21 +0200"
    },
    "done": true
  },
  "tutorial:tutorial/copied/diamondsapling": {
    "criteria": {
      "Obtain Diamond Sapling": "2021-01-18 20:48:53 +0200"
    },
    "done": false
  },
  "tutorial:tutorial/copied/diamond": {
    "criteria": {
      "Obtain Diamond": "2021-01-18 20:57:44 +0200"
    },
    "done": false
  },
  "tutorial:tutorial/copied/string": {
    "criteria": {
      "Obtain Cottonwood Sapling": "2021-01-18 17:10:17 +0200",
      "Obtain String": "2021-01-18 17:17:23 +0200"
    },
    "done": false
  },
  "sf4:age_power/complete": {
    "criteria": {
      "Completed Generator, I Hardly Know Her§r": "2021-01-19 23:04:32 +0200",
      "Completed The Study Guide§r": "2021-01-19 19:55:40 +0200",
      "Completed Age of Power§r": "2021-01-18 16:28:26 +0200",
      "Completed What\u0027s the Matter with Overworldians?§r": "2021-01-19 22:27:14 +0200",
      "Completed Bring Me to Life§r": "2021-01-19 20:03:20 +0200"
    },
    "done": false
  },
  "sf4:age_farming/market": {
    "criteria": {
      "Obtain Market": "2021-01-18 19:52:04 +0200"
    },
    "done": true
  },
  "hardcore:hardcore/survive": {
    "criteria": {
      "Get killed": "2021-01-18 18:10:02 +0200"
    },
    "done": false
  },
  "sf4:age1/clay_bucket": {
    "criteria": {
      "Obtain Unfired Clay Bucket": "2021-01-18 19:01:46 +0200",
      "Completed Root": "2021-01-18 16:28:26 +0200"
    },
    "done": true
  },
  "sf4:age_exploration/dragonkill": {
    "criteria": {
      "Enter Custom End Dimension": "2021-01-18 22:47:15 +0200"
    },
    "done": false
  },
  "compactmachines:test/5x5x52": {
    "criteria": {
      "Craft Simple Culinary Generator": "2021-01-19 23:23:52 +0200",
      "Craft Simple Fluid Combustion Generator": "2021-01-19 23:06:09 +0200",
      "Craft Simple Combustion Generator": "2021-01-19 23:04:32 +0200"
    },
    "done": false
  },
  "sf4:age_farming/complete": {
    "criteria": {
      "Completed Bonsai!!!§r": "2021-01-18 19:59:28 +0200",
      "Completed Citizen Cane§r": "2021-01-19 20:41:19 +0200",
      "Completed Sick Sprinkler§r": "2021-01-19 20:04:35 +0200",
      "Completed Shredded Wheat§r": "2021-01-18 20:20:42 +0200",
      "Completed Age of Farming§r": "2021-01-18 16:28:26 +0200",
      "Completed Beanboozled§r": "2021-01-19 18:53:54 +0200",
      "Completed This Little Piggy§r": "2021-01-18 19:52:04 +0200"
    },
    "done": false
  },
  "sf4:age1/amber/iron": {
    "criteria": {
      "Completed Root": "2021-01-18 16:28:26 +0200",
      "Obtain Iron Amber": "2021-01-18 19:57:26 +0200"
    },
    "done": true
  },
  "tutorial:tutorial/copied/ironingot": {
    "criteria": {
      "Obtain Iron Ingot": "2021-01-18 20:47:21 +0200"
    },
    "done": false
  },
  "tutorial:tutorial/copied/ironbucket": {
    "criteria": {
      "Obtain Iron Bucket": "2021-01-18 20:47:54 +0200"
    },
    "done": false
  },
  "sf4:age_power/zombiedatamodel": {
    "criteria": {
      "Obtain Zombie Data Model": "2021-01-19 20:03:20 +0200"
    },
    "done": true
  },
  "sf4:age1/drying_rack": {
    "criteria": {
      "Completed Root": "2021-01-18 16:28:26 +0200",
      "Obtain Drying Rack": "2021-01-18 18:58:19 +0200"
    },
    "done": true
  },
  "tutorial:tutorial/placeoak": {
    "criteria": {
      "Placed Oak Wood Slab": "2021-01-18 16:36:48 +0200",
      "Placed Oak Planks": "2021-01-19 20:16:27 +0200"
    },
    "done": false
  },
  "sf4:age_allthethingsomglol/complete_no_prestige": {
    "criteria": {
      "Prestige Mode Disabled": "2021-01-18 16:28:26 +0200",
      "Completed Age of ALLTHETHINGSOMGLOL§r": "2021-01-18 16:28:26 +0200"
    },
    "done": false
  },
  "sf4:age1/sapling": {
    "criteria": {
      "Completed SkyFactory 4§r": "2021-01-18 16:28:26 +0200",
      "Has Sapling": "2021-01-18 16:37:25 +0200",
      "Completed Root": "2021-01-18 16:28:26 +0200"
    },
    "done": false
  },
  "sf4:age_farming/complete_no_prestige": {
    "criteria": {
      "Completed Cowabonsai!§r": "2021-01-18 20:17:22 +0200",
      "Prestige Mode Disabled": "2021-01-18 16:28:26 +0200",
      "Completed Citizen Cane§r": "2021-01-19 20:41:19 +0200",
      "Completed Sick Sprinkler§r": "2021-01-19 20:04:35 +0200",
      "Completed Shredded Wheat§r": "2021-01-18 20:20:42 +0200",
      "Completed Fertile Soil§r": "2021-01-18 20:02:08 +0200",
      "Completed This Little Piggy§r": "2021-01-18 19:52:04 +0200",
      "Completed Bonsai!!!§r": "2021-01-18 19:59:28 +0200",
      "Completed TuMULCHuous§r": "2021-01-18 20:15:00 +0200",
      "Completed Age of Farming§r": "2021-01-18 16:28:26 +0200",
      "Completed Beanboozled§r": "2021-01-19 18:53:54 +0200"
    },
    "done": false
  },
  "sf4:age_allthethingsomglol/root": {
    "criteria": {
      "inventoryChange": "2021-01-18 16:28:26 +0200"
    },
    "done": true
  }
}